[
  {
    "pk": "1qsygo8o991ex0m6l16nb8fwd8if9sgq",
    "model": "sessions.session",
    "fields": {
      "expire_date": "2014-10-06T20:54:05.602Z",
      "session_data": "NTVjOGM1MmE3ZDcxODQyMDBkZTEzYWIyOTQ3NmI5ODQzNDJkNjA4YTp7Il9hdXRoX3VzZXJfYmFja2VuZCI6ImRqYW5nby5jb250cmliLmF1dGguYmFja2VuZHMuTW9kZWxCYWNrZW5kIiwiX2F1dGhfdXNlcl9pZCI6MX0="
    }
  },
  {
    "pk": "8lp53b87dyx4qbrsjbx5840frk6okzed",
    "model": "sessions.session",
    "fields": {
      "expire_date": "2014-10-06T07:43:08.873Z",
      "session_data": "NTVjOGM1MmE3ZDcxODQyMDBkZTEzYWIyOTQ3NmI5ODQzNDJkNjA4YTp7Il9hdXRoX3VzZXJfYmFja2VuZCI6ImRqYW5nby5jb250cmliLmF1dGguYmFja2VuZHMuTW9kZWxCYWNrZW5kIiwiX2F1dGhfdXNlcl9pZCI6MX0="
    }
  },
  {
    "pk": "cs90yo76bp0oejfkyz3c59yyipp5l2an",
    "model": "sessions.session",
    "fields": {
      "expire_date": "2014-10-06T21:02:07.150Z",
      "session_data": "N2FiOGI2MjU4NzdkNDk4NzFlNDZlNjcxZTIzYjQ1MjljZDRlMzBhNDp7Il9hdXRoX3VzZXJfYmFja2VuZCI6ImRqYW5nby5jb250cmliLmF1dGguYmFja2VuZHMuTW9kZWxCYWNrZW5kIiwiX2F1dGhfdXNlcl9pZCI6M30="
    }
  },
  {
    "pk": "phasip3d0kjk4fhd8bsg2caz1zkkiini",
    "model": "sessions.session",
    "fields": {
      "expire_date": "2014-10-07T18:20:02.674Z",
      "session_data": "NTVjOGM1MmE3ZDcxODQyMDBkZTEzYWIyOTQ3NmI5ODQzNDJkNjA4YTp7Il9hdXRoX3VzZXJfYmFja2VuZCI6ImRqYW5nby5jb250cmliLmF1dGguYmFja2VuZHMuTW9kZWxCYWNrZW5kIiwiX2F1dGhfdXNlcl9pZCI6MX0="
    }
  },
  {
    "pk": "qlo4dnybagu0tllp77fejva2f9o7h022",
    "model": "sessions.session",
    "fields": {
      "expire_date": "2014-10-07T19:19:23.189Z",
      "session_data": "NDViMmQ1ZTFiZTUzZTkzYmIxYjRmOWMyMzVmNGI3MWFlM2RiMWY4NDp7Il9hdXRoX3VzZXJfYmFja2VuZCI6ImRqYW5nby5jb250cmliLmF1dGguYmFja2VuZHMuTW9kZWxCYWNrZW5kIiwiX2F1dGhfdXNlcl9pZCI6NX0="
    }
  },
  {
    "pk": "rqy92lyll1ubfs5jhoqymb3luxjq0lrb",
    "model": "sessions.session",
    "fields": {
      "expire_date": "2014-10-20T01:05:15.445Z",
      "session_data": "NTVjOGM1MmE3ZDcxODQyMDBkZTEzYWIyOTQ3NmI5ODQzNDJkNjA4YTp7Il9hdXRoX3VzZXJfYmFja2VuZCI6ImRqYW5nby5jb250cmliLmF1dGguYmFja2VuZHMuTW9kZWxCYWNrZW5kIiwiX2F1dGhfdXNlcl9pZCI6MX0="
    }
  },
  {
    "pk": 1,
    "model": "sites.site",
    "fields": {
      "domain": "inventory.server.aachen.ccc.de",
      "name": "inventory.server.aachen.ccc.de"
    }
  },
  {
    "pk": 1,
    "model": "photologue.photoeffect",
    "fields": {
      "name": "Drehen Rechts",
      "reflection_strength": 0.6,
      "brightness": 1.0,
      "color": 1.0,
      "sharpness": 1.0,
      "reflection_size": 0.0,
      "filters": "",
      "transpose_method": "ROTATE_270",
      "background_color": "#FFFFFF",
      "contrast": 1.0,
      "description": ""
    }
  },
  {
    "pk": 2,
    "model": "photologue.photoeffect",
    "fields": {
      "name": "180\u00b0 Drehen",
      "reflection_strength": 0.6,
      "brightness": 1.0,
      "color": 1.0,
      "sharpness": 1.0,
      "reflection_size": 0.0,
      "filters": "",
      "transpose_method": "ROTATE_180",
      "background_color": "#FFFFFF",
      "contrast": 1.0,
      "description": ""
    }
  },
  {
    "pk": 1,
    "model": "photologue.photosize",
    "fields": {
      "name": "admin_thumbnail",
      "watermark": null,
      "increment_count": true,
      "effect": null,
      "crop": true,
      "height": 75,
      "width": 100,
      "upscale": false,
      "pre_cache": true,
      "quality": 70
    }
  },
  {
    "pk": 2,
    "model": "photologue.photosize",
    "fields": {
      "name": "thumbnail",
      "watermark": null,
      "increment_count": true,
      "effect": null,
      "crop": true,
      "height": 100,
      "width": 133,
      "upscale": false,
      "pre_cache": true,
      "quality": 70
    }
  },
  {
    "pk": 3,
    "model": "photologue.photosize",
    "fields": {
      "name": "display",
      "watermark": null,
      "increment_count": true,
      "effect": null,
      "crop": false,
      "height": 0,
      "width": 600,
      "upscale": false,
      "pre_cache": true,
      "quality": 70
    }
  },
  {
    "pk": 1,
    "model": "south.migrationhistory",
    "fields": {
      "applied": "2014-09-22T07:30:06.012Z",
      "app_name": "photologue",
      "migration": "0001_initial"
    }
  },
  {
    "pk": 2,
    "model": "south.migrationhistory",
    "fields": {
      "applied": "2014-09-22T07:30:06.247Z",
      "app_name": "photologue",
      "migration": "0002_auto__chg_field_gallery_title__chg_field_galleryupload_title__chg_fiel"
    }
  },
  {
    "pk": 3,
    "model": "south.migrationhistory",
    "fields": {
      "applied": "2014-09-22T07:30:06.363Z",
      "app_name": "photologue",
      "migration": "0003_auto__chg_field_photosize_name"
    }
  },
  {
    "pk": 4,
    "model": "south.migrationhistory",
    "fields": {
      "applied": "2014-09-22T07:30:06.403Z",
      "app_name": "photologue",
      "migration": "0004_initial_photosizes"
    }
  },
  {
    "pk": 5,
    "model": "south.migrationhistory",
    "fields": {
      "applied": "2014-09-22T07:30:08.348Z",
      "app_name": "photologue",
      "migration": "0005_auto_28"
    }
  },
  {
    "pk": 6,
    "model": "south.migrationhistory",
    "fields": {
      "applied": "2014-09-22T07:30:08.402Z",
      "app_name": "photologue",
      "migration": "0006_data_28"
    }
  },
  {
    "pk": 1,
    "model": "items.locationphoto",
    "fields": {
      "view_count": 22,
      "date_taken": "2014-10-05T08:21:14.113Z",
      "title": "",
      "image": "photologue/photos/2014-09-25-182106.jpg",
      "crop_from": "center",
      "effect": null,
      "caption": "",
      "location": 2,
      "date_added": "2014-10-05T08:21:03Z"
    }
  },
  {
    "pk": 2,
    "model": "items.locationphoto",
    "fields": {
      "view_count": 23,
      "date_taken": "2014-10-05T08:21:53.880Z",
      "title": "",
      "image": "photologue/photos/2014-10-01-055515_3.jpg",
      "crop_from": "center",
      "effect": null,
      "caption": "",
      "location": 5,
      "date_added": "2014-10-05T08:21:44Z"
    }
  },
  {
    "pk": 1,
    "model": "items.inventorytype",
    "fields": {
      "rght": 2,
      "name": "Digital Storage Oscilosope",
      "parent": null,
      "level": 0,
      "lft": 1,
      "tree_id": 1,
      "description": ""
    }
  },
  {
    "pk": 2,
    "model": "items.inventorytype",
    "fields": {
      "rght": 6,
      "name": "Messtechnik",
      "parent": null,
      "level": 0,
      "lft": 1,
      "tree_id": 2,
      "description": ""
    }
  },
  {
    "pk": 3,
    "model": "items.inventorytype",
    "fields": {
      "rght": 3,
      "name": "Zubeh\u00f6r",
      "parent": 2,
      "level": 1,
      "lft": 2,
      "tree_id": 2,
      "description": ""
    }
  },
  {
    "pk": 4,
    "model": "items.inventorytype",
    "fields": {
      "rght": 4,
      "name": "Chemie",
      "parent": null,
      "level": 0,
      "lft": 1,
      "tree_id": 3,
      "description": ""
    }
  },
  {
    "pk": 5,
    "model": "items.inventorytype",
    "fields": {
      "rght": 3,
      "name": "Zubeh\u00f6r",
      "parent": 4,
      "level": 1,
      "lft": 2,
      "tree_id": 3,
      "description": ""
    }
  },
  {
    "pk": 6,
    "model": "items.inventorytype",
    "fields": {
      "rght": 12,
      "name": "Elektronik",
      "parent": null,
      "level": 0,
      "lft": 1,
      "tree_id": 4,
      "description": ""
    }
  },
  {
    "pk": 7,
    "model": "items.inventorytype",
    "fields": {
      "rght": 3,
      "name": "Programmieradapter",
      "parent": 6,
      "level": 1,
      "lft": 2,
      "tree_id": 4,
      "description": ""
    }
  },
  {
    "pk": 8,
    "model": "items.inventorytype",
    "fields": {
      "rght": 5,
      "name": "Developtment Boards",
      "parent": 6,
      "level": 1,
      "lft": 4,
      "tree_id": 4,
      "description": ""
    }
  },
  {
    "pk": 9,
    "model": "items.inventorytype",
    "fields": {
      "rght": 7,
      "name": "Breadboards",
      "parent": 6,
      "level": 1,
      "lft": 6,
      "tree_id": 4,
      "description": ""
    }
  },
  {
    "pk": 10,
    "model": "items.inventorytype",
    "fields": {
      "rght": 9,
      "name": "Arbeitsplatzausstattung",
      "parent": 6,
      "level": 1,
      "lft": 8,
      "tree_id": 4,
      "description": ""
    }
  },
  {
    "pk": 11,
    "model": "items.inventorytype",
    "fields": {
      "rght": 2,
      "name": "PC-Zubeh\u00f6r",
      "parent": null,
      "level": 0,
      "lft": 1,
      "tree_id": 5,
      "description": ""
    }
  },
  {
    "pk": 12,
    "model": "items.inventorytype",
    "fields": {
      "rght": 5,
      "name": "Logic Analyser",
      "parent": 2,
      "level": 1,
      "lft": 4,
      "tree_id": 2,
      "description": ""
    }
  },
  {
    "pk": 13,
    "model": "items.inventorytype",
    "fields": {
      "rght": 11,
      "name": "Werkzeuge",
      "parent": 6,
      "level": 1,
      "lft": 10,
      "tree_id": 4,
      "description": ""
    }
  },
  {
    "pk": 14,
    "model": "items.inventorytype",
    "fields": {
      "rght": 2,
      "name": "Netzteile",
      "parent": null,
      "level": 0,
      "lft": 1,
      "tree_id": 6,
      "description": ""
    }
  },
  {
    "pk": 15,
    "model": "items.inventorytype",
    "fields": {
      "rght": 2,
      "name": "K\u00fcchenger\u00e4te",
      "parent": null,
      "level": 0,
      "lft": 1,
      "tree_id": 7,
      "description": ""
    }
  },
  {
    "pk": 16,
    "model": "items.inventorytype",
    "fields": {
      "rght": 10,
      "name": "K\u00fcchenzubeh\u00f6r",
      "parent": null,
      "level": 0,
      "lft": 1,
      "tree_id": 8,
      "description": ""
    }
  },
  {
    "pk": 17,
    "model": "items.inventorytype",
    "fields": {
      "rght": 3,
      "name": "Aufbewahrungsmittel",
      "parent": 16,
      "level": 1,
      "lft": 2,
      "tree_id": 8,
      "description": ""
    }
  },
  {
    "pk": 18,
    "model": "items.inventorytype",
    "fields": {
      "rght": 5,
      "name": "Kochgeschirr",
      "parent": 16,
      "level": 1,
      "lft": 4,
      "tree_id": 8,
      "description": ""
    }
  },
  {
    "pk": 19,
    "model": "items.inventorytype",
    "fields": {
      "rght": 7,
      "name": "Messer und Schnittbretter",
      "parent": 16,
      "level": 1,
      "lft": 6,
      "tree_id": 8,
      "description": ""
    }
  },
  {
    "pk": 20,
    "model": "items.inventorytype",
    "fields": {
      "rght": 9,
      "name": "K\u00fcchenutensilien",
      "parent": 16,
      "level": 1,
      "lft": 8,
      "tree_id": 8,
      "description": ""
    }
  },
  {
    "pk": 1,
    "model": "items.inventoryphoto",
    "fields": {
      "view_count": 146,
      "date_taken": "2014-10-05T02:22:08.285Z",
      "title": "",
      "image": "photologue/photos/2014-10-01-055515_25.jpg",
      "crop_from": "center",
      "effect": null,
      "caption": "",
      "inventory": 2,
      "date_added": "2014-10-05T02:21:59Z"
    }
  },
  {
    "pk": 2,
    "model": "items.inventoryphoto",
    "fields": {
      "view_count": 145,
      "date_taken": "2014-10-05T02:22:21.559Z",
      "title": "",
      "image": "photologue/photos/2014-10-01-055515_5.jpg",
      "crop_from": "center",
      "effect": null,
      "caption": "",
      "inventory": 2,
      "date_added": "2014-10-05T02:22:14Z"
    }
  },
  {
    "pk": 3,
    "model": "items.inventoryphoto",
    "fields": {
      "view_count": 50,
      "date_taken": "2014-10-05T07:18:03.897Z",
      "title": "",
      "image": "photologue/photos/2014-10-01-055259_25.jpg",
      "crop_from": "center",
      "effect": null,
      "caption": "",
      "inventory": 2,
      "date_added": "2014-10-05T07:17:52Z"
    }
  },
  {
    "pk": 1,
    "model": "auth.permission",
    "fields": {
      "codename": "add_logentry",
      "name": "Can add log entry",
      "content_type": 1
    }
  },
  {
    "pk": 2,
    "model": "auth.permission",
    "fields": {
      "codename": "change_logentry",
      "name": "Can change log entry",
      "content_type": 1
    }
  },
  {
    "pk": 3,
    "model": "auth.permission",
    "fields": {
      "codename": "delete_logentry",
      "name": "Can delete log entry",
      "content_type": 1
    }
  },
  {
    "pk": 4,
    "model": "auth.permission",
    "fields": {
      "codename": "add_permission",
      "name": "Can add permission",
      "content_type": 2
    }
  },
  {
    "pk": 5,
    "model": "auth.permission",
    "fields": {
      "codename": "change_permission",
      "name": "Can change permission",
      "content_type": 2
    }
  },
  {
    "pk": 6,
    "model": "auth.permission",
    "fields": {
      "codename": "delete_permission",
      "name": "Can delete permission",
      "content_type": 2
    }
  },
  {
    "pk": 7,
    "model": "auth.permission",
    "fields": {
      "codename": "add_group",
      "name": "Can add group",
      "content_type": 3
    }
  },
  {
    "pk": 8,
    "model": "auth.permission",
    "fields": {
      "codename": "change_group",
      "name": "Can change group",
      "content_type": 3
    }
  },
  {
    "pk": 9,
    "model": "auth.permission",
    "fields": {
      "codename": "delete_group",
      "name": "Can delete group",
      "content_type": 3
    }
  },
  {
    "pk": 10,
    "model": "auth.permission",
    "fields": {
      "codename": "add_contenttype",
      "name": "Can add content type",
      "content_type": 4
    }
  },
  {
    "pk": 11,
    "model": "auth.permission",
    "fields": {
      "codename": "change_contenttype",
      "name": "Can change content type",
      "content_type": 4
    }
  },
  {
    "pk": 12,
    "model": "auth.permission",
    "fields": {
      "codename": "delete_contenttype",
      "name": "Can delete content type",
      "content_type": 4
    }
  },
  {
    "pk": 13,
    "model": "auth.permission",
    "fields": {
      "codename": "add_session",
      "name": "Can add session",
      "content_type": 5
    }
  },
  {
    "pk": 14,
    "model": "auth.permission",
    "fields": {
      "codename": "change_session",
      "name": "Can change session",
      "content_type": 5
    }
  },
  {
    "pk": 15,
    "model": "auth.permission",
    "fields": {
      "codename": "delete_session",
      "name": "Can delete session",
      "content_type": 5
    }
  },
  {
    "pk": 16,
    "model": "auth.permission",
    "fields": {
      "codename": "add_site",
      "name": "Can add site",
      "content_type": 6
    }
  },
  {
    "pk": 17,
    "model": "auth.permission",
    "fields": {
      "codename": "change_site",
      "name": "Can change site",
      "content_type": 6
    }
  },
  {
    "pk": 18,
    "model": "auth.permission",
    "fields": {
      "codename": "delete_site",
      "name": "Can delete site",
      "content_type": 6
    }
  },
  {
    "pk": 19,
    "model": "auth.permission",
    "fields": {
      "codename": "add_migrationhistory",
      "name": "Can add migration history",
      "content_type": 7
    }
  },
  {
    "pk": 20,
    "model": "auth.permission",
    "fields": {
      "codename": "change_migrationhistory",
      "name": "Can change migration history",
      "content_type": 7
    }
  },
  {
    "pk": 21,
    "model": "auth.permission",
    "fields": {
      "codename": "delete_migrationhistory",
      "name": "Can delete migration history",
      "content_type": 7
    }
  },
  {
    "pk": 22,
    "model": "auth.permission",
    "fields": {
      "codename": "add_location",
      "name": "Can add location",
      "content_type": 8
    }
  },
  {
    "pk": 23,
    "model": "auth.permission",
    "fields": {
      "codename": "change_location",
      "name": "Can change location",
      "content_type": 8
    }
  },
  {
    "pk": 24,
    "model": "auth.permission",
    "fields": {
      "codename": "delete_location",
      "name": "Can delete location",
      "content_type": 8
    }
  },
  {
    "pk": 25,
    "model": "auth.permission",
    "fields": {
      "codename": "add_locationphoto",
      "name": "Can add location photo",
      "content_type": 9
    }
  },
  {
    "pk": 26,
    "model": "auth.permission",
    "fields": {
      "codename": "change_locationphoto",
      "name": "Can change location photo",
      "content_type": 9
    }
  },
  {
    "pk": 27,
    "model": "auth.permission",
    "fields": {
      "codename": "delete_locationphoto",
      "name": "Can delete location photo",
      "content_type": 9
    }
  },
  {
    "pk": 28,
    "model": "auth.permission",
    "fields": {
      "codename": "add_inventorytype",
      "name": "Can add inventory type",
      "content_type": 10
    }
  },
  {
    "pk": 29,
    "model": "auth.permission",
    "fields": {
      "codename": "change_inventorytype",
      "name": "Can change inventory type",
      "content_type": 10
    }
  },
  {
    "pk": 30,
    "model": "auth.permission",
    "fields": {
      "codename": "delete_inventorytype",
      "name": "Can delete inventory type",
      "content_type": 10
    }
  },
  {
    "pk": 31,
    "model": "auth.permission",
    "fields": {
      "codename": "add_inventory",
      "name": "Can add inventory",
      "content_type": 11
    }
  },
  {
    "pk": 32,
    "model": "auth.permission",
    "fields": {
      "codename": "change_inventory",
      "name": "Can change inventory",
      "content_type": 11
    }
  },
  {
    "pk": 33,
    "model": "auth.permission",
    "fields": {
      "codename": "delete_inventory",
      "name": "Can delete inventory",
      "content_type": 11
    }
  },
  {
    "pk": 34,
    "model": "auth.permission",
    "fields": {
      "codename": "add_inventoryphoto",
      "name": "Can add inventory photo",
      "content_type": 12
    }
  },
  {
    "pk": 35,
    "model": "auth.permission",
    "fields": {
      "codename": "change_inventoryphoto",
      "name": "Can change inventory photo",
      "content_type": 12
    }
  },
  {
    "pk": 36,
    "model": "auth.permission",
    "fields": {
      "codename": "delete_inventoryphoto",
      "name": "Can delete inventory photo",
      "content_type": 12
    }
  },
  {
    "pk": 37,
    "model": "auth.permission",
    "fields": {
      "codename": "add_inventoryequiptment",
      "name": "Can add inventory equiptment",
      "content_type": 13
    }
  },
  {
    "pk": 38,
    "model": "auth.permission",
    "fields": {
      "codename": "change_inventoryequiptment",
      "name": "Can change inventory equiptment",
      "content_type": 13
    }
  },
  {
    "pk": 39,
    "model": "auth.permission",
    "fields": {
      "codename": "delete_inventoryequiptment",
      "name": "Can delete inventory equiptment",
      "content_type": 13
    }
  },
  {
    "pk": 40,
    "model": "auth.permission",
    "fields": {
      "codename": "add_person",
      "name": "Can add user",
      "content_type": 14
    }
  },
  {
    "pk": 41,
    "model": "auth.permission",
    "fields": {
      "codename": "change_person",
      "name": "Can change user",
      "content_type": 14
    }
  },
  {
    "pk": 42,
    "model": "auth.permission",
    "fields": {
      "codename": "delete_person",
      "name": "Can delete user",
      "content_type": 14
    }
  },
  {
    "pk": 43,
    "model": "auth.permission",
    "fields": {
      "codename": "add_inventoryownershipresponsibility",
      "name": "Can add inventory ownership responsibility",
      "content_type": 15
    }
  },
  {
    "pk": 44,
    "model": "auth.permission",
    "fields": {
      "codename": "change_inventoryownershipresponsibility",
      "name": "Can change inventory ownership responsibility",
      "content_type": 15
    }
  },
  {
    "pk": 45,
    "model": "auth.permission",
    "fields": {
      "codename": "delete_inventoryownershipresponsibility",
      "name": "Can delete inventory ownership responsibility",
      "content_type": 15
    }
  },
  {
    "pk": 46,
    "model": "auth.permission",
    "fields": {
      "codename": "add_gallery",
      "name": "Can add gallery",
      "content_type": 16
    }
  },
  {
    "pk": 47,
    "model": "auth.permission",
    "fields": {
      "codename": "change_gallery",
      "name": "Can change gallery",
      "content_type": 16
    }
  },
  {
    "pk": 48,
    "model": "auth.permission",
    "fields": {
      "codename": "delete_gallery",
      "name": "Can delete gallery",
      "content_type": 16
    }
  },
  {
    "pk": 49,
    "model": "auth.permission",
    "fields": {
      "codename": "add_galleryupload",
      "name": "Can add gallery upload",
      "content_type": 17
    }
  },
  {
    "pk": 50,
    "model": "auth.permission",
    "fields": {
      "codename": "change_galleryupload",
      "name": "Can change gallery upload",
      "content_type": 17
    }
  },
  {
    "pk": 51,
    "model": "auth.permission",
    "fields": {
      "codename": "delete_galleryupload",
      "name": "Can delete gallery upload",
      "content_type": 17
    }
  },
  {
    "pk": 52,
    "model": "auth.permission",
    "fields": {
      "codename": "add_photo",
      "name": "Can add photo",
      "content_type": 18
    }
  },
  {
    "pk": 53,
    "model": "auth.permission",
    "fields": {
      "codename": "change_photo",
      "name": "Can change photo",
      "content_type": 18
    }
  },
  {
    "pk": 54,
    "model": "auth.permission",
    "fields": {
      "codename": "delete_photo",
      "name": "Can delete photo",
      "content_type": 18
    }
  },
  {
    "pk": 55,
    "model": "auth.permission",
    "fields": {
      "codename": "add_photoeffect",
      "name": "Can add photo effect",
      "content_type": 19
    }
  },
  {
    "pk": 56,
    "model": "auth.permission",
    "fields": {
      "codename": "change_photoeffect",
      "name": "Can change photo effect",
      "content_type": 19
    }
  },
  {
    "pk": 57,
    "model": "auth.permission",
    "fields": {
      "codename": "delete_photoeffect",
      "name": "Can delete photo effect",
      "content_type": 19
    }
  },
  {
    "pk": 58,
    "model": "auth.permission",
    "fields": {
      "codename": "add_watermark",
      "name": "Can add watermark",
      "content_type": 20
    }
  },
  {
    "pk": 59,
    "model": "auth.permission",
    "fields": {
      "codename": "change_watermark",
      "name": "Can change watermark",
      "content_type": 20
    }
  },
  {
    "pk": 60,
    "model": "auth.permission",
    "fields": {
      "codename": "delete_watermark",
      "name": "Can delete watermark",
      "content_type": 20
    }
  },
  {
    "pk": 61,
    "model": "auth.permission",
    "fields": {
      "codename": "add_photosize",
      "name": "Can add photo size",
      "content_type": 21
    }
  },
  {
    "pk": 62,
    "model": "auth.permission",
    "fields": {
      "codename": "change_photosize",
      "name": "Can change photo size",
      "content_type": 21
    }
  },
  {
    "pk": 63,
    "model": "auth.permission",
    "fields": {
      "codename": "delete_photosize",
      "name": "Can delete photo size",
      "content_type": 21
    }
  },
  {
    "pk": 1,
    "model": "auth.group",
    "fields": {
      "name": "normal_user",
      "permissions": [
        31,
        32,
        33,
        37,
        38,
        39,
        43,
        44,
        45,
        34,
        35,
        36,
        28,
        29,
        30,
        22,
        23,
        24,
        25,
        26,
        27,
        41,
        42
      ]
    }
  },
  {
    "pk": 1,
    "model": "items.person",
    "fields": {
      "wiki": "",
      "last_name": "Falk",
      "address_extra_mid": "",
      "street": "",
      "user_permissions": [],
      "jabber": "",
      "date_joined": "2014-09-22T07:29:33Z",
      "city": "",
      "first_name": "Kevin",
      "address_extra_bot": "",
      "is_superuser": true,
      "state": "",
      "last_login": "2014-10-06T01:05:15Z",
      "irc": "#cccac@irc.hackint.eu",
      "email": "miaumiau@miau.de",
      "zip_code": "",
      "username": "pouze",
      "is_active": true,
      "phone": "",
      "groups": [],
      "password": "pbkdf2_sha256$12000$DbCNheEpLQK4$NpDccaMc76Fn0GEZGedfR26Vq2rS143jDPfEZ6WDox0=",
      "nickname": "pouze",
      "info": "",
      "country": "Germany",
      "is_staff": true
    }
  },
  {
    "pk": 2,
    "model": "items.person",
    "fields": {
      "wiki": "",
      "last_name": "",
      "address_extra_mid": "",
      "street": "",
      "user_permissions": [],
      "jabber": "",
      "date_joined": "2014-09-22T07:43:57.068Z",
      "city": "",
      "first_name": "",
      "address_extra_bot": "",
      "is_superuser": false,
      "state": "",
      "last_login": "2014-09-22T07:43:57.068Z",
      "irc": "",
      "email": "",
      "zip_code": "",
      "username": "CCCAC",
      "is_active": true,
      "phone": "",
      "groups": [],
      "password": "pbkdf2_sha256$12000$vhIBJNmlftro$0rJH4ZYNgiQPCtsjNm1sYDD0yZrsFtolwvA940HngiM=",
      "nickname": "",
      "info": "",
      "country": "",
      "is_staff": false
    }
  },
  {
    "pk": 3,
    "model": "items.person",
    "fields": {
      "wiki": "",
      "last_name": "",
      "address_extra_mid": "",
      "street": "",
      "user_permissions": [],
      "jabber": "",
      "date_joined": "2014-09-22T20:54:20Z",
      "city": "",
      "first_name": "",
      "address_extra_bot": "",
      "is_superuser": true,
      "state": "",
      "last_login": "2014-09-22T21:02:07Z",
      "irc": "",
      "email": "",
      "zip_code": "",
      "username": "espehkuh",
      "is_active": true,
      "phone": "",
      "groups": [],
      "password": "pbkdf2_sha256$12000$AanFh7EvVKKI$CixbCd3E5zp9mI1wl7Sz9FeAB1hnoxXyHEslACyRy1g=",
      "nickname": "espehkuh",
      "info": "",
      "country": "",
      "is_staff": true
    }
  },
  {
    "pk": 4,
    "model": "items.person",
    "fields": {
      "wiki": "",
      "last_name": "",
      "address_extra_mid": "",
      "street": "",
      "user_permissions": [],
      "jabber": "",
      "date_joined": "2014-09-23T18:21:37Z",
      "city": "",
      "first_name": "",
      "address_extra_bot": "",
      "is_superuser": false,
      "state": "",
      "last_login": "2014-09-23T18:21:37Z",
      "irc": "",
      "email": "",
      "zip_code": "",
      "username": "ehnix",
      "is_active": true,
      "phone": "",
      "groups": [1],
      "password": "pbkdf2_sha256$12000$MGLTcAI4n77F$d7nikmG/MGDDXRxAL9kwi3dHM0lTVtWcHi6Yb6FfqN8=",
      "nickname": "ehnix",
      "info": "",
      "country": "",
      "is_staff": true
    }
  },
  {
    "pk": 5,
    "model": "items.person",
    "fields": {
      "wiki": "",
      "last_name": "",
      "address_extra_mid": "",
      "street": "",
      "user_permissions": [],
      "jabber": "",
      "date_joined": "2014-09-23T19:17:12Z",
      "city": "",
      "first_name": "",
      "address_extra_bot": "",
      "is_superuser": false,
      "state": "",
      "last_login": "2014-09-23T19:19:23Z",
      "irc": "",
      "email": "",
      "zip_code": "",
      "username": "elkadog",
      "is_active": true,
      "phone": "",
      "groups": [1],
      "password": "pbkdf2_sha256$12000$W5LmUxYTB84W$rQQMhTYeWPrs+fnGM1tJKtEnRgSjEjrdwEPg8wGZ6hw=",
      "nickname": "elkadog",
      "info": "",
      "country": "",
      "is_staff": true
    }
  },
  {
    "pk": 2,
    "model": "items.inventoryownershipresponsibility",
    "fields": {
      "person": 1,
      "is_owner": true,
      "inventory": 2
    }
  },
  {
    "pk": 3,
    "model": "items.inventoryownershipresponsibility",
    "fields": {
      "person": 2,
      "is_owner": true,
      "inventory": 3
    }
  },
  {
    "pk": 4,
    "model": "items.inventoryownershipresponsibility",
    "fields": {
      "person": 2,
      "is_owner": false,
      "inventory": 4
    }
  },
  {
    "pk": 5,
    "model": "items.inventoryownershipresponsibility",
    "fields": {
      "person": 1,
      "is_owner": true,
      "inventory": 5
    }
  },
  {
    "pk": 6,
    "model": "items.inventoryownershipresponsibility",
    "fields": {
      "person": 1,
      "is_owner": true,
      "inventory": 6
    }
  },
  {
    "pk": 7,
    "model": "items.inventoryownershipresponsibility",
    "fields": {
      "person": 1,
      "is_owner": true,
      "inventory": 7
    }
  },
  {
    "pk": 8,
    "model": "items.inventoryownershipresponsibility",
    "fields": {
      "person": 1,
      "is_owner": true,
      "inventory": 8
    }
  },
  {
    "pk": 9,
    "model": "items.inventoryownershipresponsibility",
    "fields": {
      "person": 1,
      "is_owner": true,
      "inventory": 9
    }
  },
  {
    "pk": 10,
    "model": "items.inventoryownershipresponsibility",
    "fields": {
      "person": 1,
      "is_owner": true,
      "inventory": 10
    }
  },
  {
    "pk": 11,
    "model": "items.inventoryownershipresponsibility",
    "fields": {
      "person": 1,
      "is_owner": true,
      "inventory": 11
    }
  },
  {
    "pk": 12,
    "model": "items.inventoryownershipresponsibility",
    "fields": {
      "person": 1,
      "is_owner": true,
      "inventory": 12
    }
  },
  {
    "pk": 13,
    "model": "items.inventoryownershipresponsibility",
    "fields": {
      "person": 1,
      "is_owner": true,
      "inventory": 13
    }
  },
  {
    "pk": 14,
    "model": "items.inventoryownershipresponsibility",
    "fields": {
      "person": 1,
      "is_owner": true,
      "inventory": 14
    }
  },
  {
    "pk": 15,
    "model": "items.inventoryownershipresponsibility",
    "fields": {
      "person": 1,
      "is_owner": false,
      "inventory": 15
    }
  },
  {
    "pk": 16,
    "model": "items.inventoryownershipresponsibility",
    "fields": {
      "person": 1,
      "is_owner": true,
      "inventory": 16
    }
  },
  {
    "pk": 17,
    "model": "items.inventoryownershipresponsibility",
    "fields": {
      "person": 1,
      "is_owner": true,
      "inventory": 17
    }
  },
  {
    "pk": 18,
    "model": "items.inventoryownershipresponsibility",
    "fields": {
      "person": 1,
      "is_owner": true,
      "inventory": 18
    }
  },
  {
    "pk": 19,
    "model": "items.inventoryownershipresponsibility",
    "fields": {
      "person": 1,
      "is_owner": true,
      "inventory": 19
    }
  },
  {
    "pk": 20,
    "model": "items.inventoryownershipresponsibility",
    "fields": {
      "person": 1,
      "is_owner": true,
      "inventory": 20
    }
  },
  {
    "pk": 21,
    "model": "items.inventoryownershipresponsibility",
    "fields": {
      "person": 1,
      "is_owner": true,
      "inventory": 21
    }
  },
  {
    "pk": 22,
    "model": "items.inventoryownershipresponsibility",
    "fields": {
      "person": 1,
      "is_owner": true,
      "inventory": 22
    }
  },
  {
    "pk": 23,
    "model": "items.inventoryownershipresponsibility",
    "fields": {
      "person": 1,
      "is_owner": true,
      "inventory": 23
    }
  },
  {
    "pk": 24,
    "model": "items.inventoryownershipresponsibility",
    "fields": {
      "person": 1,
      "is_owner": true,
      "inventory": 24
    }
  },
  {
    "pk": 25,
    "model": "items.inventoryownershipresponsibility",
    "fields": {
      "person": 1,
      "is_owner": true,
      "inventory": 25
    }
  },
  {
    "pk": 26,
    "model": "items.inventoryownershipresponsibility",
    "fields": {
      "person": 1,
      "is_owner": true,
      "inventory": 26
    }
  },
  {
    "pk": 27,
    "model": "items.inventoryownershipresponsibility",
    "fields": {
      "person": 1,
      "is_owner": true,
      "inventory": 27
    }
  },
  {
    "pk": 28,
    "model": "items.inventoryownershipresponsibility",
    "fields": {
      "person": 1,
      "is_owner": true,
      "inventory": 28
    }
  },
  {
    "pk": 29,
    "model": "items.inventoryownershipresponsibility",
    "fields": {
      "person": 1,
      "is_owner": true,
      "inventory": 29
    }
  },
  {
    "pk": 30,
    "model": "items.inventoryownershipresponsibility",
    "fields": {
      "person": 1,
      "is_owner": true,
      "inventory": 30
    }
  },
  {
    "pk": 31,
    "model": "items.inventoryownershipresponsibility",
    "fields": {
      "person": 1,
      "is_owner": true,
      "inventory": 31
    }
  },
  {
    "pk": 32,
    "model": "items.inventoryownershipresponsibility",
    "fields": {
      "person": 1,
      "is_owner": true,
      "inventory": 32
    }
  },
  {
    "pk": 33,
    "model": "items.inventoryownershipresponsibility",
    "fields": {
      "person": 1,
      "is_owner": true,
      "inventory": 33
    }
  },
  {
    "pk": 34,
    "model": "items.inventoryownershipresponsibility",
    "fields": {
      "person": 1,
      "is_owner": true,
      "inventory": 34
    }
  },
  {
    "pk": 35,
    "model": "items.inventoryownershipresponsibility",
    "fields": {
      "person": 1,
      "is_owner": true,
      "inventory": 35
    }
  },
  {
    "pk": 36,
    "model": "items.inventoryownershipresponsibility",
    "fields": {
      "person": 1,
      "is_owner": true,
      "inventory": 36
    }
  },
  {
    "pk": 37,
    "model": "items.inventoryownershipresponsibility",
    "fields": {
      "person": 1,
      "is_owner": true,
      "inventory": 37
    }
  },
  {
    "pk": 38,
    "model": "items.inventoryownershipresponsibility",
    "fields": {
      "person": 4,
      "is_owner": false,
      "inventory": 2
    }
  },
  {
    "pk": 2,
    "model": "items.inventory",
    "fields": {
      "usage_exploit": "NO",
      "unique_name": "Messleitung 50cm m. Krokodilklemmen 13 Stck.",
      "usage_alter": "ASK",
      "usage_terms": "Bitte nicht kaputt machen ....",
      "serial": "",
      "availability": "LIMITED",
      "consumable": false,
      "uuid": "080c4fa8-e3e0-4cae-a445-8b456555109c",
      "location": 2,
      "label_created": null,
      "type": 3,
      "usage_appropriate": "YES",
      "available_from": "2014-10-05",
      "description": "13 St\u00fcck Messleitung\r\n\r\n4x Rot (1x 60cm und h\u00f6herer Querschnitt)\r\n3x Schwarz\r\n2x Gr\u00fcn\r\n2x Gelb\r\n2x Wei\u00df",
      "usage_takeaway": "NO",
      "available_to": "2014-10-06",
      "movable": true,
      "location_hint": "",
      "mounted": false,
      "condition": "FUNC",
      "manufacturer": "",
      "name": "Messleitung 50cm m. Krokodilklemmen",
      "value": 0,
      "usage_investigate": "ASK",
      "usage_inappropriate": "ASK"
    }
  },
  {
    "pk": 3,
    "model": "items.inventory",
    "fields": {
      "usage_exploit": "NO",
      "unique_name": "Jumpwire female-female 10 Stck.",
      "usage_alter": "ASK",
      "usage_terms": "",
      "serial": "",
      "availability": "UNLIMITED",
      "consumable": false,
      "uuid": "efd51d35-9497-47fa-8f11-a46ec7710569",
      "location": 2,
      "label_created": null,
      "type": 3,
      "usage_appropriate": "YES",
      "available_from": null,
      "description": "10 St\u00fcck Jumpwire verschiedene Farben",
      "usage_takeaway": "NO",
      "available_to": null,
      "movable": true,
      "location_hint": "",
      "mounted": false,
      "condition": "FUNC",
      "manufacturer": "",
      "name": "Jumpwire female-female ",
      "value": 0,
      "usage_investigate": "ASK",
      "usage_inappropriate": "ASK"
    }
  },
  {
    "pk": 4,
    "model": "items.inventory",
    "fields": {
      "usage_exploit": "NO",
      "unique_name": "Messleitung 50cm m. Krokodilklemmen 11 Stck.",
      "usage_alter": "ASK",
      "usage_terms": "",
      "serial": "",
      "availability": "UNLIMITED",
      "consumable": false,
      "uuid": "d0a88936-0680-451b-8a73-f2b92c92c376",
      "location": 2,
      "label_created": null,
      "type": 3,
      "usage_appropriate": "YES",
      "available_from": null,
      "description": "11 St\u00fcck Messleitung mit Krokodilklemmen\r\n3x Rot\r\n3x Schwarz\r\n2x Gr\u00fcn\r\n2x Gelb\r\n1x Wei\u00df",
      "usage_takeaway": "NO",
      "available_to": null,
      "movable": true,
      "location_hint": "",
      "mounted": false,
      "condition": "FUNC",
      "manufacturer": "",
      "name": "Messleitung 50cm m. Krokodilklemmen ",
      "value": 0,
      "usage_investigate": "ASK",
      "usage_inappropriate": "ASK"
    }
  },
  {
    "pk": 5,
    "model": "items.inventory",
    "fields": {
      "usage_exploit": "NO",
      "unique_name": "Messleitung 30/50/200 cm Banenenstecker 4mm 7 Stck.",
      "usage_alter": "ASK",
      "usage_terms": "",
      "serial": "",
      "availability": "UNLIMITED",
      "consumable": false,
      "uuid": "cfbae019-23bd-43bf-b48b-34718ae62fdf",
      "location": 5,
      "label_created": null,
      "type": 3,
      "usage_appropriate": "YES",
      "available_from": null,
      "description": "3x 200 cm\r\n2x 30 cm\r\n2x 50 cm",
      "usage_takeaway": "NO",
      "available_to": null,
      "movable": true,
      "location_hint": "",
      "mounted": false,
      "condition": "FUNC",
      "manufacturer": "",
      "name": "Messleitung Banenenstecker",
      "value": 0,
      "usage_investigate": "ASK",
      "usage_inappropriate": "ASK"
    }
  },
  {
    "pk": 6,
    "model": "items.inventory",
    "fields": {
      "usage_exploit": "NO",
      "unique_name": "PVC Fl\u00e4schen mit Feindosiernadel 3 Stck",
      "usage_alter": "ASK",
      "usage_terms": "",
      "serial": "",
      "availability": "UNLIMITED",
      "consumable": true,
      "uuid": "a5bfb7f5-7757-4745-a100-e44d561c2919",
      "location": 5,
      "label_created": null,
      "type": 5,
      "usage_appropriate": "ASK",
      "available_from": null,
      "description": "",
      "usage_takeaway": "NO",
      "available_to": null,
      "movable": false,
      "location_hint": "",
      "mounted": false,
      "condition": "FUNC",
      "manufacturer": "",
      "name": "",
      "value": 0,
      "usage_investigate": "ASK",
      "usage_inappropriate": "ASK"
    }
  },
  {
    "pk": 7,
    "model": "items.inventory",
    "fields": {
      "usage_exploit": "NO",
      "unique_name": "Klemmpr\u00fcfspitze mit Buchsen 4mm  2 Stck",
      "usage_alter": "ASK",
      "usage_terms": "",
      "serial": "",
      "availability": "UNLIMITED",
      "consumable": false,
      "uuid": "1fd01b67-a35f-4e8d-99fc-6a6005741485",
      "location": 5,
      "label_created": null,
      "type": 3,
      "usage_appropriate": "YES",
      "available_from": null,
      "description": "",
      "usage_takeaway": "NO",
      "available_to": null,
      "movable": true,
      "location_hint": "In der T\u00fcte mit den Messleitungen.",
      "mounted": false,
      "condition": "FUNC",
      "manufacturer": "",
      "name": "Klemmpr\u00fcfspitze mit Buchsen 4mm ",
      "value": 0,
      "usage_investigate": "ASK",
      "usage_inappropriate": "ASK"
    }
  },
  {
    "pk": 8,
    "model": "items.inventory",
    "fields": {
      "usage_exploit": "NO",
      "unique_name": "AVR-Programmer USB-ASP",
      "usage_alter": "ASK",
      "usage_terms": "",
      "serial": "",
      "availability": "UNLIMITED",
      "consumable": false,
      "uuid": "9224b81f-2569-43b4-b262-32a757979270",
      "location": 5,
      "label_created": null,
      "type": 7,
      "usage_appropriate": "YES",
      "available_from": null,
      "description": "",
      "usage_takeaway": "NO",
      "available_to": null,
      "movable": true,
      "location_hint": "In der gro\u00dfen Olimex Schachtel.",
      "mounted": false,
      "condition": "FUNC",
      "manufacturer": "Thomas Fischl",
      "name": "USBASP",
      "value": 0,
      "usage_investigate": "ASK",
      "usage_inappropriate": "ASK"
    }
  },
  {
    "pk": 9,
    "model": "items.inventory",
    "fields": {
      "usage_exploit": "NO",
      "unique_name": "Olimex STM32-P103",
      "usage_alter": "ASK",
      "usage_terms": "",
      "serial": "",
      "availability": "UNLIMITED",
      "consumable": false,
      "uuid": "15314a5d-e60a-4a9a-beb0-363a789b4bff",
      "location": 5,
      "label_created": null,
      "type": 8,
      "usage_appropriate": "YES",
      "available_from": null,
      "description": "Toller \u00dcberschrift\r\n==================\r\n\r\nThe STM32F103 performance line family has an embedded ARM core and is therefore compatible with all ARM tools and software. It combines the high performance ARM Cortex-M3 CPU with an extensive range of peripheral functions and enhanced I/O capabilities. STM32-P103 is a good start-up board for learning the new ST Cortex-M3 based microcontrollers STM32F103RBT6. It has RS232 and both USB and CAN. It also features a prototype area with all microcontroller signals near it, giving the customer an easy way to implement his own schematics and add-ons.\r\n\r\nhttps://www.olimex.com/Products/ARM/ST/STM32-P103/",
      "usage_takeaway": "NO",
      "available_to": null,
      "movable": true,
      "location_hint": "",
      "mounted": false,
      "condition": "FUNC",
      "manufacturer": "Olimex",
      "name": " STM32-P103",
      "value": 0,
      "usage_investigate": "ASK",
      "usage_inappropriate": "ASK"
    }
  },
  {
    "pk": 10,
    "model": "items.inventory",
    "fields": {
      "usage_exploit": "NO",
      "unique_name": "ATMega 8 Devboard",
      "usage_alter": "ASK",
      "usage_terms": "",
      "serial": "01",
      "availability": "UNLIMITED",
      "consumable": false,
      "uuid": "9ff939b6-2526-46af-bd35-31a08500c7b0",
      "location": 5,
      "label_created": null,
      "type": 8,
      "usage_appropriate": "YES",
      "available_from": null,
      "description": "Selbstbau ATMega 8 Devboard.",
      "usage_takeaway": "NO",
      "available_to": null,
      "movable": true,
      "location_hint": "",
      "mounted": false,
      "condition": "FUNC",
      "manufacturer": "",
      "name": "",
      "value": 0,
      "usage_investigate": "ASK",
      "usage_inappropriate": "ASK"
    }
  },
  {
    "pk": 11,
    "model": "items.inventory",
    "fields": {
      "usage_exploit": "NO",
      "unique_name": "OLIMEX ARM-USB-OCD",
      "usage_alter": "ASK",
      "usage_terms": "",
      "serial": "",
      "availability": "UNLIMITED",
      "consumable": false,
      "uuid": "81b50fae-40dc-4b46-91e5-6582caf87286",
      "location": 5,
      "label_created": null,
      "type": 7,
      "usage_appropriate": "YES",
      "available_from": null,
      "description": "3-IN-1 FAST USB ARM JTAG, USB-TO-RS232 VIRTUAL PORT AND POWER SUPPLY 5-9-12VDC DEVICE (SUPPORTED BY OPENOCD OPEN SOURCE ARM DEBUGGER)\r\n\r\nhttps://www.olimex.com/Products/ARM/JTAG/ARM-USB-OCD/",
      "usage_takeaway": "NO",
      "available_to": null,
      "movable": true,
      "location_hint": "",
      "mounted": false,
      "condition": "FUNC",
      "manufacturer": "ARM-USB-OCD",
      "name": "OLIMEX",
      "value": 0,
      "usage_investigate": "ASK",
      "usage_inappropriate": "ASK"
    }
  },
  {
    "pk": 12,
    "model": "items.inventory",
    "fields": {
      "usage_exploit": "NO",
      "unique_name": "Ethernet ATmega32/644 Experimentierboard",
      "usage_alter": "ASK",
      "usage_terms": "",
      "serial": "",
      "availability": "UNLIMITED",
      "consumable": false,
      "uuid": "cddad883-3299-4d5c-8bdb-b4cb8945f71f",
      "location": 5,
      "label_created": null,
      "type": 8,
      "usage_appropriate": "YES",
      "available_from": null,
      "description": "Hat leider noch nie funktioniert. Ist aber auch nicht der richtige \u00dcbertrager drauf. \r\n\r\nhttp://www.ulrichradig.de/home/index.php/avr/eth_m32_ex",
      "usage_takeaway": "NO",
      "available_to": null,
      "movable": false,
      "location_hint": "",
      "mounted": false,
      "condition": "UNFUNCT",
      "manufacturer": "Ulrich Radig",
      "name": "",
      "value": 0,
      "usage_investigate": "ASK",
      "usage_inappropriate": "ASK"
    }
  },
  {
    "pk": 13,
    "model": "items.inventory",
    "fields": {
      "usage_exploit": "NO",
      "unique_name": "Breadboard drei Felder",
      "usage_alter": "ASK",
      "usage_terms": "",
      "serial": "",
      "availability": "UNLIMITED",
      "consumable": false,
      "uuid": "464d4a64-9f09-46fa-b423-0e3e0e00fc57",
      "location": 5,
      "label_created": null,
      "type": 9,
      "usage_appropriate": "YES",
      "available_from": null,
      "description": "http://www.jameco.com/1/1/47750-bb-3t5d-2390-point-solderless-breadboard.html",
      "usage_takeaway": "NO",
      "available_to": null,
      "movable": true,
      "location_hint": "",
      "mounted": false,
      "condition": "FUNC",
      "manufacturer": "JAMECO VALUEPRO",
      "name": "BB-3T5D",
      "value": 0,
      "usage_investigate": "ASK",
      "usage_inappropriate": "ASK"
    }
  },
  {
    "pk": 14,
    "model": "items.inventory",
    "fields": {
      "usage_exploit": "NO",
      "unique_name": "Breadboard ein Feld",
      "usage_alter": "ASK",
      "usage_terms": "",
      "serial": "",
      "availability": "UNLIMITED",
      "consumable": true,
      "uuid": "f73ee598-a15b-4b34-bb3d-f9e8095f5680",
      "location": 5,
      "label_created": null,
      "type": 9,
      "usage_appropriate": "YES",
      "available_from": null,
      "description": "",
      "usage_takeaway": "NO",
      "available_to": null,
      "movable": true,
      "location_hint": "",
      "mounted": false,
      "condition": "FUNC",
      "manufacturer": "",
      "name": "",
      "value": 0,
      "usage_investigate": "ASK",
      "usage_inappropriate": "ASK"
    }
  },
  {
    "pk": 15,
    "model": "items.inventory",
    "fields": {
      "usage_exploit": "NO",
      "unique_name": "Dritte Hand",
      "usage_alter": "ASK",
      "usage_terms": "",
      "serial": "",
      "availability": "UNLIMITED",
      "consumable": false,
      "uuid": "e97aa2a1-e882-4753-b0e7-d1cd2adf0dfc",
      "location": 5,
      "label_created": null,
      "type": 10,
      "usage_appropriate": "YES",
      "available_from": null,
      "description": "Lupe in einem der Kleinteilemagazine.",
      "usage_takeaway": "NO",
      "available_to": null,
      "movable": true,
      "location_hint": "",
      "mounted": false,
      "condition": "FUNC",
      "manufacturer": "",
      "name": "",
      "value": 0,
      "usage_investigate": "ASK",
      "usage_inappropriate": "ASK"
    }
  },
  {
    "pk": 16,
    "model": "items.inventory",
    "fields": {
      "usage_exploit": "NO",
      "unique_name": "USB Fernbedienung Infrarotempf\u00e4nger",
      "usage_alter": "ASK",
      "usage_terms": "",
      "serial": "",
      "availability": "UNLIMITED",
      "consumable": false,
      "uuid": "185476e5-db70-48fd-a7ae-b3c7a5d3f2bc",
      "location": 5,
      "label_created": null,
      "type": 11,
      "usage_appropriate": "YES",
      "available_from": null,
      "description": "",
      "usage_takeaway": "NO",
      "available_to": null,
      "movable": true,
      "location_hint": "",
      "mounted": false,
      "condition": "FUNC",
      "manufacturer": "",
      "name": "",
      "value": 0,
      "usage_investigate": "ASK",
      "usage_inappropriate": "ASK"
    }
  },
  {
    "pk": 17,
    "model": "items.inventory",
    "fields": {
      "usage_exploit": "NO",
      "unique_name": "Open Workbench Logic Sniffer",
      "usage_alter": "ASK",
      "usage_terms": "",
      "serial": "",
      "availability": "UNLIMITED",
      "consumable": false,
      "uuid": "6cd0ff25-4211-4f82-a8d5-b28364b2ea02",
      "location": 5,
      "label_created": null,
      "type": 12,
      "usage_appropriate": "YES",
      "available_from": null,
      "description": "Eingangsstufe ist mal in die Luft geflogen.\r\nReperatur ist leider gescheitert. Aber es stehen noch weitere 16 IO-Pins zur Verf\u00fcgung. Mit einem Eingangsbuffer l\u00e4sst sich das Teil wieder ganz normal als Logic Analyser verwenden. Alternativ als Devboard.\r\n\r\nMUSS UNBEDINGT VOR BENUTZUNG REPARIERT WERDEN!!!!",
      "usage_takeaway": "NO",
      "available_to": null,
      "movable": true,
      "location_hint": "",
      "mounted": false,
      "condition": "UNFUNCT",
      "manufacturer": "seeedstudio",
      "name": "Open Workbench Logic Sniffer",
      "value": 0,
      "usage_investigate": "ASK",
      "usage_inappropriate": "ASK"
    }
  },
  {
    "pk": 18,
    "model": "items.inventory",
    "fields": {
      "usage_exploit": "NO",
      "unique_name": "Elektronik-Zangen-Set  10 tlg. ",
      "usage_alter": "ASK",
      "usage_terms": "",
      "serial": "",
      "availability": "UNLIMITED",
      "consumable": false,
      "uuid": "e95e55d2-1569-48a0-8c64-c1c5cf70013b",
      "location": 5,
      "label_created": null,
      "type": 13,
      "usage_appropriate": "YES",
      "available_from": null,
      "description": "Ausstattung\r\n\r\nMit Doppelfeder und fein polierten K\u00f6pfen\r\nGriffe mit rutschfester Beschichtung.\r\nLieferumfang\r\n\r\nSeitenschneider 110 mm\r\nVornschneider 100 mm\r\nKombizange 115 mm\r\nSpitzzange 120 mm\r\nSpitzzange gebogen 120 mm\r\nRundzange 125 mm\r\nFlachzange 120 mm\r\nNadelzange 145 mm\r\nSpatel \r\nVakuumpinzette",
      "usage_takeaway": "NO",
      "available_to": null,
      "movable": false,
      "location_hint": "",
      "mounted": false,
      "condition": "FUNC",
      "manufacturer": "Br\u00fcder Mannesmann ",
      "name": "",
      "value": 0,
      "usage_investigate": "ASK",
      "usage_inappropriate": "ASK"
    }
  },
  {
    "pk": 19,
    "model": "items.inventory",
    "fields": {
      "usage_exploit": "NO",
      "unique_name": "Netzteil 9V DC 150 mA Au\u00dfen Negativ.",
      "usage_alter": "ASK",
      "usage_terms": "",
      "serial": "",
      "availability": "UNLIMITED",
      "consumable": false,
      "uuid": "fa388a88-dacd-4775-8bc0-fd9135933962",
      "location": 5,
      "label_created": null,
      "type": 14,
      "usage_appropriate": "YES",
      "available_from": null,
      "description": "",
      "usage_takeaway": "NO",
      "available_to": null,
      "movable": true,
      "location_hint": "",
      "mounted": false,
      "condition": "FUNC",
      "manufacturer": "",
      "name": "AD-0915-SV1",
      "value": 0,
      "usage_investigate": "ASK",
      "usage_inappropriate": "ASK"
    }
  },
  {
    "pk": 20,
    "model": "items.inventory",
    "fields": {
      "usage_exploit": "NO",
      "unique_name": "Netzteil 9V DC 1000 mA Au\u00dfen Negativ.",
      "usage_alter": "ASK",
      "usage_terms": "",
      "serial": "",
      "availability": "UNLIMITED",
      "consumable": false,
      "uuid": "a6409f03-b0f2-4e6c-b619-d4b50ffc3eae",
      "location": 5,
      "label_created": null,
      "type": 14,
      "usage_appropriate": "YES",
      "available_from": null,
      "description": "",
      "usage_takeaway": "NO",
      "available_to": null,
      "movable": true,
      "location_hint": "",
      "mounted": false,
      "condition": "FUNC",
      "manufacturer": "",
      "name": "ZDA090100EU",
      "value": 0,
      "usage_investigate": "ASK",
      "usage_inappropriate": "ASK"
    }
  },
  {
    "pk": 21,
    "model": "items.inventory",
    "fields": {
      "usage_exploit": "NO",
      "unique_name": "Toaster",
      "usage_alter": "ASK",
      "usage_terms": "",
      "serial": "",
      "availability": "UNLIMITED",
      "consumable": false,
      "uuid": "35c25640-a0aa-423d-8cb5-5c24677f8bd4",
      "location": 6,
      "label_created": null,
      "type": 15,
      "usage_appropriate": "YES",
      "available_from": null,
      "description": "",
      "usage_takeaway": "NO",
      "available_to": null,
      "movable": true,
      "location_hint": "",
      "mounted": false,
      "condition": "FUNC",
      "manufacturer": "",
      "name": "",
      "value": 0,
      "usage_investigate": "ASK",
      "usage_inappropriate": "ASK"
    }
  },
  {
    "pk": 22,
    "model": "items.inventory",
    "fields": {
      "usage_exploit": "NO",
      "unique_name": "Wasserkocher",
      "usage_alter": "ASK",
      "usage_terms": "",
      "serial": "",
      "availability": "UNLIMITED",
      "consumable": false,
      "uuid": "539b7d4a-bed4-4cc9-9b84-66a4b9414d02",
      "location": 6,
      "label_created": null,
      "type": 15,
      "usage_appropriate": "YES",
      "available_from": null,
      "description": "",
      "usage_takeaway": "NO",
      "available_to": null,
      "movable": true,
      "location_hint": "",
      "mounted": false,
      "condition": "FUNC",
      "manufacturer": "IDEEO",
      "name": "",
      "value": 0,
      "usage_investigate": "ASK",
      "usage_inappropriate": "ASK"
    }
  },
  {
    "pk": 23,
    "model": "items.inventory",
    "fields": {
      "usage_exploit": "NO",
      "unique_name": "Mikrowelle",
      "usage_alter": "ASK",
      "usage_terms": "",
      "serial": "",
      "availability": "UNLIMITED",
      "consumable": false,
      "uuid": "d0cab9b3-70e2-4259-afca-85662365d879",
      "location": 6,
      "label_created": null,
      "type": 15,
      "usage_appropriate": "YES",
      "available_from": null,
      "description": "",
      "usage_takeaway": "NO",
      "available_to": null,
      "movable": false,
      "location_hint": "",
      "mounted": false,
      "condition": "FUNC",
      "manufacturer": "Neff",
      "name": "",
      "value": 0,
      "usage_investigate": "ASK",
      "usage_inappropriate": "ASK"
    }
  },
  {
    "pk": 24,
    "model": "items.inventory",
    "fields": {
      "usage_exploit": "NO",
      "unique_name": "Kakaodose",
      "usage_alter": "ASK",
      "usage_terms": "",
      "serial": "",
      "availability": "UNLIMITED",
      "consumable": false,
      "uuid": "b01cbeda-2e60-4494-90cc-4e9640e733b8",
      "location": 6,
      "label_created": null,
      "type": 17,
      "usage_appropriate": "YES",
      "available_from": null,
      "description": "Ich erhebe keinen Anspruch auf den Inhalt. Der ist FFA.",
      "usage_takeaway": "NO",
      "available_to": null,
      "movable": false,
      "location_hint": "",
      "mounted": false,
      "condition": "FUNC",
      "manufacturer": "",
      "name": "",
      "value": 0,
      "usage_investigate": "ASK",
      "usage_inappropriate": "ASK"
    }
  },
  {
    "pk": 25,
    "model": "items.inventory",
    "fields": {
      "usage_exploit": "NO",
      "unique_name": "Pfannenspritzschutz",
      "usage_alter": "ASK",
      "usage_terms": "",
      "serial": "",
      "availability": "UNLIMITED",
      "consumable": false,
      "uuid": "3b7baa5e-f1f1-4d07-a700-d2d3fc31dad7",
      "location": 6,
      "label_created": null,
      "type": 18,
      "usage_appropriate": "YES",
      "available_from": null,
      "description": "",
      "usage_takeaway": "NO",
      "available_to": null,
      "movable": true,
      "location_hint": "",
      "mounted": false,
      "condition": "FUNC",
      "manufacturer": "IKEA",
      "name": "",
      "value": 0,
      "usage_investigate": "ASK",
      "usage_inappropriate": "ASK"
    }
  },
  {
    "pk": 26,
    "model": "items.inventory",
    "fields": {
      "usage_exploit": "NO",
      "unique_name": "Gro\u00dfes Schneidebrett",
      "usage_alter": "ASK",
      "usage_terms": "",
      "serial": "",
      "availability": "UNLIMITED",
      "consumable": false,
      "uuid": "c6e639f9-9f0b-452b-b7c8-9577b6d2f759",
      "location": 6,
      "label_created": null,
      "type": 19,
      "usage_appropriate": "YES",
      "available_from": null,
      "description": "",
      "usage_takeaway": "NO",
      "available_to": null,
      "movable": false,
      "location_hint": "",
      "mounted": false,
      "condition": "FUNC",
      "manufacturer": "",
      "name": "",
      "value": 0,
      "usage_investigate": "ASK",
      "usage_inappropriate": "ASK"
    }
  },
  {
    "pk": 27,
    "model": "items.inventory",
    "fields": {
      "usage_exploit": "NO",
      "unique_name": "Brot- & Tomatenmesser (S\u00e4gemesser)",
      "usage_alter": "ASK",
      "usage_terms": "",
      "serial": "",
      "availability": "UNLIMITED",
      "consumable": false,
      "uuid": "e2aefcb2-02c9-44b0-be82-a23c9c79e94a",
      "location": 6,
      "label_created": null,
      "type": 19,
      "usage_appropriate": "YES",
      "available_from": null,
      "description": "",
      "usage_takeaway": "NO",
      "available_to": null,
      "movable": true,
      "location_hint": "",
      "mounted": false,
      "condition": "FUNC",
      "manufacturer": "IKEA",
      "name": "",
      "value": 0,
      "usage_investigate": "ASK",
      "usage_inappropriate": "ASK"
    }
  },
  {
    "pk": 28,
    "model": "items.inventory",
    "fields": {
      "usage_exploit": "NO",
      "unique_name": "Kleine Pfanne",
      "usage_alter": "ASK",
      "usage_terms": "",
      "serial": "",
      "availability": "UNLIMITED",
      "consumable": false,
      "uuid": "5d7fec14-b692-4951-8240-8d02ce61ffa1",
      "location": 6,
      "label_created": null,
      "type": 18,
      "usage_appropriate": "YES",
      "available_from": null,
      "description": "",
      "usage_takeaway": "NO",
      "available_to": null,
      "movable": false,
      "location_hint": "",
      "mounted": false,
      "condition": "FUNC",
      "manufacturer": "",
      "name": "",
      "value": 0,
      "usage_investigate": "ASK",
      "usage_inappropriate": "ASK"
    }
  },
  {
    "pk": 29,
    "model": "items.inventory",
    "fields": {
      "usage_exploit": "NO",
      "unique_name": "Kleine Schneidebrettchen 2 Stck.",
      "usage_alter": "ASK",
      "usage_terms": "",
      "serial": "",
      "availability": "UNLIMITED",
      "consumable": false,
      "uuid": "1aa56290-b827-43ab-a345-8ceb105f3720",
      "location": 6,
      "label_created": null,
      "type": 19,
      "usage_appropriate": "YES",
      "available_from": null,
      "description": "",
      "usage_takeaway": "NO",
      "available_to": null,
      "movable": true,
      "location_hint": "",
      "mounted": false,
      "condition": "FUNC",
      "manufacturer": "IKEA",
      "name": "",
      "value": 0,
      "usage_investigate": "ASK",
      "usage_inappropriate": "ASK"
    }
  },
  {
    "pk": 30,
    "model": "items.inventory",
    "fields": {
      "usage_exploit": "NO",
      "unique_name": "Eisst\u00e4bchen F\u00f6rmchen",
      "usage_alter": "ASK",
      "usage_terms": "",
      "serial": "",
      "availability": "UNLIMITED",
      "consumable": false,
      "uuid": "104d6c56-0fe4-46f9-9f32-b135a54c44a3",
      "location": 6,
      "label_created": null,
      "type": 20,
      "usage_appropriate": "YES",
      "available_from": null,
      "description": "",
      "usage_takeaway": "NO",
      "available_to": null,
      "movable": false,
      "location_hint": "",
      "mounted": false,
      "condition": "FUNC",
      "manufacturer": "IKEA",
      "name": "",
      "value": 0,
      "usage_investigate": "ASK",
      "usage_inappropriate": "ASK"
    }
  },
  {
    "pk": 31,
    "model": "items.inventory",
    "fields": {
      "usage_exploit": "NO",
      "unique_name": "Pfannenwender",
      "usage_alter": "ASK",
      "usage_terms": "",
      "serial": "",
      "availability": "UNLIMITED",
      "consumable": false,
      "uuid": "db92723b-5061-4391-87e2-c01f326f6041",
      "location": 6,
      "label_created": null,
      "type": 20,
      "usage_appropriate": "YES",
      "available_from": null,
      "description": "",
      "usage_takeaway": "NO",
      "available_to": null,
      "movable": false,
      "location_hint": "",
      "mounted": false,
      "condition": "FUNC",
      "manufacturer": "",
      "name": "",
      "value": 0,
      "usage_investigate": "ASK",
      "usage_inappropriate": "ASK"
    }
  },
  {
    "pk": 32,
    "model": "items.inventory",
    "fields": {
      "usage_exploit": "NO",
      "unique_name": "Sch\u00f6pfkelle",
      "usage_alter": "ASK",
      "usage_terms": "",
      "serial": "",
      "availability": "UNLIMITED",
      "consumable": false,
      "uuid": "9efecbe9-9e68-4f1b-b084-f044642de081",
      "location": 6,
      "label_created": null,
      "type": 20,
      "usage_appropriate": "YES",
      "available_from": null,
      "description": "",
      "usage_takeaway": "NO",
      "available_to": null,
      "movable": true,
      "location_hint": "",
      "mounted": false,
      "condition": "FUNC",
      "manufacturer": "IKEA",
      "name": "",
      "value": 0,
      "usage_investigate": "ASK",
      "usage_inappropriate": "ASK"
    }
  },
  {
    "pk": 33,
    "model": "items.inventory",
    "fields": {
      "usage_exploit": "NO",
      "unique_name": "Pfannenheber",
      "usage_alter": "ASK",
      "usage_terms": "",
      "serial": "",
      "availability": "UNLIMITED",
      "consumable": false,
      "uuid": "3fd2cd72-fec9-46cc-a9f9-1264a0939b06",
      "location": 6,
      "label_created": null,
      "type": 20,
      "usage_appropriate": "YES",
      "available_from": null,
      "description": "",
      "usage_takeaway": "NO",
      "available_to": null,
      "movable": true,
      "location_hint": "",
      "mounted": false,
      "condition": "FUNC",
      "manufacturer": "",
      "name": "",
      "value": 0,
      "usage_investigate": "ASK",
      "usage_inappropriate": "ASK"
    }
  },
  {
    "pk": 34,
    "model": "items.inventory",
    "fields": {
      "usage_exploit": "NO",
      "unique_name": "Sch\u00e4lmesser",
      "usage_alter": "ASK",
      "usage_terms": "",
      "serial": "",
      "availability": "UNLIMITED",
      "consumable": false,
      "uuid": "c0dc4c5c-6833-458e-906c-d1ff1905dd46",
      "location": 6,
      "label_created": null,
      "type": 19,
      "usage_appropriate": "YES",
      "available_from": null,
      "description": "",
      "usage_takeaway": "NO",
      "available_to": null,
      "movable": true,
      "location_hint": "",
      "mounted": false,
      "condition": "FUNC",
      "manufacturer": "IKEA",
      "name": "",
      "value": 0,
      "usage_investigate": "ASK",
      "usage_inappropriate": "ASK"
    }
  },
  {
    "pk": 35,
    "model": "items.inventory",
    "fields": {
      "usage_exploit": "NO",
      "unique_name": "Mittlerer Topf ohne Deckel",
      "usage_alter": "ASK",
      "usage_terms": "",
      "serial": "",
      "availability": "UNLIMITED",
      "consumable": false,
      "uuid": "410785b5-7482-422e-aff3-242c28dd66a2",
      "location": 6,
      "label_created": null,
      "type": 18,
      "usage_appropriate": "YES",
      "available_from": null,
      "description": "",
      "usage_takeaway": "NO",
      "available_to": null,
      "movable": true,
      "location_hint": "",
      "mounted": false,
      "condition": "FUNC",
      "manufacturer": "IKEA",
      "name": "",
      "value": 0,
      "usage_investigate": "ASK",
      "usage_inappropriate": "ASK"
    }
  },
  {
    "pk": 36,
    "model": "items.inventory",
    "fields": {
      "usage_exploit": "NO",
      "unique_name": "Kleiner Topf",
      "usage_alter": "ASK",
      "usage_terms": "",
      "serial": "",
      "availability": "UNLIMITED",
      "consumable": false,
      "uuid": "948d0237-defe-48e6-91e7-cb1d6694cef8",
      "location": 6,
      "label_created": null,
      "type": 18,
      "usage_appropriate": "YES",
      "available_from": null,
      "description": "",
      "usage_takeaway": "NO",
      "available_to": null,
      "movable": true,
      "location_hint": "",
      "mounted": false,
      "condition": "FUNC",
      "manufacturer": "IKEA",
      "name": "",
      "value": 0,
      "usage_investigate": "ASK",
      "usage_inappropriate": "ASK"
    }
  },
  {
    "pk": 37,
    "model": "items.inventory",
    "fields": {
      "usage_exploit": "NO",
      "unique_name": "Steakpfanne",
      "usage_alter": "ASK",
      "usage_terms": "",
      "serial": "",
      "availability": "UNLIMITED",
      "consumable": false,
      "uuid": "24ba0609-286f-4f63-93bc-288585024d5e",
      "location": 6,
      "label_created": null,
      "type": 18,
      "usage_appropriate": "YES",
      "available_from": null,
      "description": "",
      "usage_takeaway": "NO",
      "available_to": null,
      "movable": true,
      "location_hint": "",
      "mounted": false,
      "condition": "FUNC",
      "manufacturer": "IKEA",
      "name": "",
      "value": 0,
      "usage_investigate": "ASK",
      "usage_inappropriate": "ASK"
    }
  },
  {
    "pk": 1,
    "model": "items.location",
    "fields": {
      "rght": 2,
      "name": "Nirvana",
      "parent": null,
      "level": 0,
      "uuid": "840d8f66-f431-4cde-b890-d93fb4c3b1a2",
      "lft": 1,
      "tree_id": 1,
      "owner": 2,
      "loc_type": "ROOM",
      "label_created": null,
      "description_short": "Meta Location for things without location.",
      "description": "Too meta for you."
    }
  },
  {
    "pk": 2,
    "model": "items.location",
    "fields": {
      "rght": 5,
      "name": "Elektronikkiste",
      "parent": 5,
      "level": 3,
      "uuid": "16111886-5754-4814-abd4-5ef7dba28fb7",
      "lft": 4,
      "tree_id": 3,
      "owner": 2,
      "loc_type": "CRATE",
      "label_created": null,
      "description_short": "Kiste mit Elektronikdingen",
      "description": ""
    }
  },
  {
    "pk": 3,
    "model": "items.location",
    "fields": {
      "rght": 8,
      "name": "Serverraum",
      "parent": null,
      "level": 0,
      "uuid": "cec7e760-1b05-442f-8424-92e09e13d9ff",
      "lft": 1,
      "tree_id": 3,
      "owner": 2,
      "loc_type": "ROOM",
      "label_created": null,
      "description_short": "Raum mit Server und Mitgliederkisten",
      "description": ""
    }
  },
  {
    "pk": 4,
    "model": "items.location",
    "fields": {
      "rght": 7,
      "name": "Regal 2",
      "parent": 3,
      "level": 1,
      "uuid": "be5b0b1b-71cb-4ba6-9b11-9923f69172e9",
      "lft": 2,
      "tree_id": 3,
      "owner": 2,
      "loc_type": "SHELF",
      "label_created": null,
      "description_short": "Zweites Regal f\u00fcr Mitgliederkisten (von Links).",
      "description": ""
    }
  },
  {
    "pk": 5,
    "model": "items.location",
    "fields": {
      "rght": 6,
      "name": "pouzes kiste #1",
      "parent": 4,
      "level": 2,
      "uuid": "5f997a84-3d09-4103-85c9-767f63099aba",
      "lft": 3,
      "tree_id": 3,
      "owner": 1,
      "loc_type": "CRATE",
      "label_created": null,
      "description_short": "Zeug von Pouze",
      "description": ""
    }
  },
  {
    "pk": 6,
    "model": "items.location",
    "fields": {
      "rght": 2,
      "name": "K\u00fcche",
      "parent": null,
      "level": 0,
      "uuid": "bc64f0cc-af11-4957-a742-1ce240f60d52",
      "lft": 1,
      "tree_id": 4,
      "owner": 2,
      "loc_type": "ROOM",
      "label_created": null,
      "description_short": "Whats cooking?",
      "description": ""
    }
  },
  {
    "pk": 1,
    "model": "admin.logentry",
    "fields": {
      "action_flag": 1,
      "action_time": "2014-09-22T07:43:57.195Z",
      "object_repr": "CCCAC",
      "object_id": "2",
      "change_message": "",
      "user": 1,
      "content_type": 14
    }
  },
  {
    "pk": 2,
    "model": "admin.logentry",
    "fields": {
      "action_flag": 1,
      "action_time": "2014-09-22T07:45:01.971Z",
      "object_repr": "Nirvana",
      "object_id": "1",
      "change_message": "",
      "user": 1,
      "content_type": 8
    }
  },
  {
    "pk": 3,
    "model": "admin.logentry",
    "fields": {
      "action_flag": 1,
      "action_time": "2014-09-22T07:45:17.076Z",
      "object_repr": "Digital Storage Oscilosope",
      "object_id": "1",
      "change_message": "",
      "user": 1,
      "content_type": 10
    }
  },
  {
    "pk": 4,
    "model": "admin.logentry",
    "fields": {
      "action_flag": 1,
      "action_time": "2014-09-22T07:45:24.461Z",
      "object_repr": "Rigol Electronics DS1102E DSO",
      "object_id": "1",
      "change_message": "",
      "user": 1,
      "content_type": 11
    }
  },
  {
    "pk": 5,
    "model": "admin.logentry",
    "fields": {
      "action_flag": 1,
      "action_time": "2014-09-22T07:45:43.995Z",
      "object_repr": "InventoryPhoto object",
      "object_id": "1",
      "change_message": "",
      "user": 1,
      "content_type": 12
    }
  },
  {
    "pk": 6,
    "model": "admin.logentry",
    "fields": {
      "action_flag": 1,
      "action_time": "2014-09-22T07:59:54.700Z",
      "object_repr": "Elektronikkiste",
      "object_id": "2",
      "change_message": "",
      "user": 1,
      "content_type": 8
    }
  },
  {
    "pk": 7,
    "model": "admin.logentry",
    "fields": {
      "action_flag": 1,
      "action_time": "2014-09-22T08:00:48.676Z",
      "object_repr": "Messtechnik",
      "object_id": "2",
      "change_message": "",
      "user": 1,
      "content_type": 10
    }
  },
  {
    "pk": 8,
    "model": "admin.logentry",
    "fields": {
      "action_flag": 1,
      "action_time": "2014-09-22T08:00:53.092Z",
      "object_repr": "Zubeh\u00f6r",
      "object_id": "3",
      "change_message": "",
      "user": 1,
      "content_type": 10
    }
  },
  {
    "pk": 9,
    "model": "admin.logentry",
    "fields": {
      "action_flag": 1,
      "action_time": "2014-09-22T08:02:29.506Z",
      "object_repr": "Messleitung 50cm m. Krokodilklemmen 13 Stck.",
      "object_id": "2",
      "change_message": "",
      "user": 1,
      "content_type": 11
    }
  },
  {
    "pk": 10,
    "model": "admin.logentry",
    "fields": {
      "action_flag": 1,
      "action_time": "2014-09-22T08:06:00.672Z",
      "object_repr": "Jumpwire female-female 10 Stck.",
      "object_id": "3",
      "change_message": "",
      "user": 1,
      "content_type": 11
    }
  },
  {
    "pk": 11,
    "model": "admin.logentry",
    "fields": {
      "action_flag": 1,
      "action_time": "2014-09-22T08:11:20.669Z",
      "object_repr": "Messleitung 50cm m. Krokodilklemmen 11 Stck.",
      "object_id": "4",
      "change_message": "",
      "user": 1,
      "content_type": 11
    }
  },
  {
    "pk": 12,
    "model": "admin.logentry",
    "fields": {
      "action_flag": 1,
      "action_time": "2014-09-22T08:26:15.155Z",
      "object_repr": "Serverraum",
      "object_id": "3",
      "change_message": "",
      "user": 1,
      "content_type": 8
    }
  },
  {
    "pk": 13,
    "model": "admin.logentry",
    "fields": {
      "action_flag": 1,
      "action_time": "2014-09-22T08:27:22.873Z",
      "object_repr": "Regal 2",
      "object_id": "4",
      "change_message": "",
      "user": 1,
      "content_type": 8
    }
  },
  {
    "pk": 14,
    "model": "admin.logentry",
    "fields": {
      "action_flag": 1,
      "action_time": "2014-09-22T08:27:43.670Z",
      "object_repr": "pouzes kiste #1",
      "object_id": "5",
      "change_message": "",
      "user": 1,
      "content_type": 8
    }
  },
  {
    "pk": 15,
    "model": "admin.logentry",
    "fields": {
      "action_flag": 1,
      "action_time": "2014-09-22T08:28:08.287Z",
      "object_repr": "Messleitung 200cm + 30cm Banenenstecker 4mm 13 Stck.",
      "object_id": "5",
      "change_message": "",
      "user": 1,
      "content_type": 11
    }
  },
  {
    "pk": 16,
    "model": "admin.logentry",
    "fields": {
      "action_flag": 1,
      "action_time": "2014-09-22T08:30:14.760Z",
      "object_repr": "Chemie",
      "object_id": "4",
      "change_message": "",
      "user": 1,
      "content_type": 10
    }
  },
  {
    "pk": 17,
    "model": "admin.logentry",
    "fields": {
      "action_flag": 1,
      "action_time": "2014-09-22T08:30:16.698Z",
      "object_repr": "Zubeh\u00f6r",
      "object_id": "5",
      "change_message": "",
      "user": 1,
      "content_type": 10
    }
  },
  {
    "pk": 18,
    "model": "admin.logentry",
    "fields": {
      "action_flag": 1,
      "action_time": "2014-09-22T08:30:34.174Z",
      "object_repr": "PVC Fl\u00e4schen mit Feindosiernadel 3 Stck",
      "object_id": "6",
      "change_message": "",
      "user": 1,
      "content_type": 11
    }
  },
  {
    "pk": 19,
    "model": "admin.logentry",
    "fields": {
      "action_flag": 2,
      "action_time": "2014-09-22T08:39:24.462Z",
      "object_repr": "Messleitung 30/50/200 cm Banenenstecker 4mm 7 Stck.",
      "object_id": "5",
      "change_message": "unique_name und description ge\u00e4ndert.",
      "user": 1,
      "content_type": 11
    }
  },
  {
    "pk": 20,
    "model": "admin.logentry",
    "fields": {
      "action_flag": 1,
      "action_time": "2014-09-22T08:41:51.485Z",
      "object_repr": "Klemmpr\u00fcfspitze mit Buchsen 4mm  2 Stck",
      "object_id": "7",
      "change_message": "",
      "user": 1,
      "content_type": 11
    }
  },
  {
    "pk": 21,
    "model": "admin.logentry",
    "fields": {
      "action_flag": 1,
      "action_time": "2014-09-22T08:44:35.460Z",
      "object_repr": "Elektronik",
      "object_id": "6",
      "change_message": "",
      "user": 1,
      "content_type": 10
    }
  },
  {
    "pk": 22,
    "model": "admin.logentry",
    "fields": {
      "action_flag": 1,
      "action_time": "2014-09-22T08:44:37.726Z",
      "object_repr": "Programmieradapter",
      "object_id": "7",
      "change_message": "",
      "user": 1,
      "content_type": 10
    }
  },
  {
    "pk": 23,
    "model": "admin.logentry",
    "fields": {
      "action_flag": 1,
      "action_time": "2014-09-22T08:45:02.516Z",
      "object_repr": "AVR-Programmer USB-ASP",
      "object_id": "8",
      "change_message": "",
      "user": 1,
      "content_type": 11
    }
  },
  {
    "pk": 24,
    "model": "admin.logentry",
    "fields": {
      "action_flag": 1,
      "action_time": "2014-09-22T08:46:32.877Z",
      "object_repr": "Developtment Boards",
      "object_id": "8",
      "change_message": "",
      "user": 1,
      "content_type": 10
    }
  },
  {
    "pk": 25,
    "model": "admin.logentry",
    "fields": {
      "action_flag": 1,
      "action_time": "2014-09-22T08:47:04.868Z",
      "object_repr": "Olimex STM32-P103",
      "object_id": "9",
      "change_message": "",
      "user": 1,
      "content_type": 11
    }
  },
  {
    "pk": 26,
    "model": "admin.logentry",
    "fields": {
      "action_flag": 1,
      "action_time": "2014-09-22T08:48:00.091Z",
      "object_repr": "ATMega 8 Devboard",
      "object_id": "10",
      "change_message": "",
      "user": 1,
      "content_type": 11
    }
  },
  {
    "pk": 27,
    "model": "admin.logentry",
    "fields": {
      "action_flag": 1,
      "action_time": "2014-09-22T08:49:22.711Z",
      "object_repr": "OLIMEX ARM-USB-OCD",
      "object_id": "11",
      "change_message": "",
      "user": 1,
      "content_type": 11
    }
  },
  {
    "pk": 28,
    "model": "admin.logentry",
    "fields": {
      "action_flag": 1,
      "action_time": "2014-09-22T08:51:16.455Z",
      "object_repr": "Ethernet ATmega32/644 Experimentierboard",
      "object_id": "12",
      "change_message": "",
      "user": 1,
      "content_type": 11
    }
  },
  {
    "pk": 29,
    "model": "admin.logentry",
    "fields": {
      "action_flag": 1,
      "action_time": "2014-09-22T08:53:48.681Z",
      "object_repr": "Breadboards",
      "object_id": "9",
      "change_message": "",
      "user": 1,
      "content_type": 10
    }
  },
  {
    "pk": 30,
    "model": "admin.logentry",
    "fields": {
      "action_flag": 1,
      "action_time": "2014-09-22T08:53:56.622Z",
      "object_repr": "Breadboard drei Felder",
      "object_id": "13",
      "change_message": "",
      "user": 1,
      "content_type": 11
    }
  },
  {
    "pk": 31,
    "model": "admin.logentry",
    "fields": {
      "action_flag": 1,
      "action_time": "2014-09-22T08:54:51.053Z",
      "object_repr": "Breadboard ein Feld",
      "object_id": "14",
      "change_message": "",
      "user": 1,
      "content_type": 11
    }
  },
  {
    "pk": 32,
    "model": "admin.logentry",
    "fields": {
      "action_flag": 1,
      "action_time": "2014-09-22T09:01:41.931Z",
      "object_repr": "Arbeitsplatzausstattung",
      "object_id": "10",
      "change_message": "",
      "user": 1,
      "content_type": 10
    }
  },
  {
    "pk": 33,
    "model": "admin.logentry",
    "fields": {
      "action_flag": 1,
      "action_time": "2014-09-22T09:02:01.381Z",
      "object_repr": "Dritte Hand",
      "object_id": "15",
      "change_message": "",
      "user": 1,
      "content_type": 11
    }
  },
  {
    "pk": 34,
    "model": "admin.logentry",
    "fields": {
      "action_flag": 1,
      "action_time": "2014-09-22T09:02:58.398Z",
      "object_repr": "PC-Zubeh\u00f6r",
      "object_id": "11",
      "change_message": "",
      "user": 1,
      "content_type": 10
    }
  },
  {
    "pk": 35,
    "model": "admin.logentry",
    "fields": {
      "action_flag": 1,
      "action_time": "2014-09-22T09:03:05.215Z",
      "object_repr": "USB Fernbedienung Infrarotempf\u00e4nger",
      "object_id": "16",
      "change_message": "",
      "user": 1,
      "content_type": 11
    }
  },
  {
    "pk": 36,
    "model": "admin.logentry",
    "fields": {
      "action_flag": 1,
      "action_time": "2014-09-22T09:04:24.740Z",
      "object_repr": "Logic Analyser",
      "object_id": "12",
      "change_message": "",
      "user": 1,
      "content_type": 10
    }
  },
  {
    "pk": 37,
    "model": "admin.logentry",
    "fields": {
      "action_flag": 1,
      "action_time": "2014-09-22T09:05:37.399Z",
      "object_repr": "Open Workbench Logic Sniffer",
      "object_id": "17",
      "change_message": "",
      "user": 1,
      "content_type": 11
    }
  },
  {
    "pk": 38,
    "model": "admin.logentry",
    "fields": {
      "action_flag": 1,
      "action_time": "2014-09-22T09:07:38.134Z",
      "object_repr": "Werkzeuge",
      "object_id": "13",
      "change_message": "",
      "user": 1,
      "content_type": 10
    }
  },
  {
    "pk": 39,
    "model": "admin.logentry",
    "fields": {
      "action_flag": 1,
      "action_time": "2014-09-22T09:08:47.240Z",
      "object_repr": "Elektronik-Zangen-Set  10 tlg. ",
      "object_id": "18",
      "change_message": "",
      "user": 1,
      "content_type": 11
    }
  },
  {
    "pk": 40,
    "model": "admin.logentry",
    "fields": {
      "action_flag": 1,
      "action_time": "2014-09-22T09:12:22.177Z",
      "object_repr": "Netzteile",
      "object_id": "14",
      "change_message": "",
      "user": 1,
      "content_type": 10
    }
  },
  {
    "pk": 41,
    "model": "admin.logentry",
    "fields": {
      "action_flag": 1,
      "action_time": "2014-09-22T09:12:30.884Z",
      "object_repr": "Netzteil 9V DC 150 mA Au\u00dfen Negativ.",
      "object_id": "19",
      "change_message": "",
      "user": 1,
      "content_type": 11
    }
  },
  {
    "pk": 42,
    "model": "admin.logentry",
    "fields": {
      "action_flag": 1,
      "action_time": "2014-09-22T09:13:05.668Z",
      "object_repr": "Netzteil 9V DC 1000 mA Au\u00dfen Negativ.",
      "object_id": "20",
      "change_message": "",
      "user": 1,
      "content_type": 11
    }
  },
  {
    "pk": 43,
    "model": "admin.logentry",
    "fields": {
      "action_flag": 3,
      "action_time": "2014-09-22T09:17:19.799Z",
      "object_repr": "Rigol Electronics DS1102E DSO",
      "object_id": "1",
      "change_message": "",
      "user": 1,
      "content_type": 11
    }
  },
  {
    "pk": 44,
    "model": "admin.logentry",
    "fields": {
      "action_flag": 1,
      "action_time": "2014-09-22T09:35:42.435Z",
      "object_repr": "InventoryPhoto object",
      "object_id": "1",
      "change_message": "",
      "user": 1,
      "content_type": 12
    }
  },
  {
    "pk": 45,
    "model": "admin.logentry",
    "fields": {
      "action_flag": 1,
      "action_time": "2014-09-22T09:37:00.927Z",
      "object_repr": "InventoryPhoto object",
      "object_id": "2",
      "change_message": "",
      "user": 1,
      "content_type": 12
    }
  },
  {
    "pk": 46,
    "model": "admin.logentry",
    "fields": {
      "action_flag": 1,
      "action_time": "2014-09-22T09:38:17.238Z",
      "object_repr": "Drehen Rechts",
      "object_id": "1",
      "change_message": "",
      "user": 1,
      "content_type": 19
    }
  },
  {
    "pk": 47,
    "model": "admin.logentry",
    "fields": {
      "action_flag": 1,
      "action_time": "2014-09-22T09:38:32.287Z",
      "object_repr": "InventoryPhoto object",
      "object_id": "3",
      "change_message": "",
      "user": 1,
      "content_type": 12
    }
  },
  {
    "pk": 48,
    "model": "admin.logentry",
    "fields": {
      "action_flag": 1,
      "action_time": "2014-09-22T09:39:10.350Z",
      "object_repr": "InventoryPhoto object",
      "object_id": "4",
      "change_message": "",
      "user": 1,
      "content_type": 12
    }
  },
  {
    "pk": 49,
    "model": "admin.logentry",
    "fields": {
      "action_flag": 1,
      "action_time": "2014-09-22T09:40:26.638Z",
      "object_repr": "InventoryPhoto object",
      "object_id": "5",
      "change_message": "",
      "user": 1,
      "content_type": 12
    }
  },
  {
    "pk": 50,
    "model": "admin.logentry",
    "fields": {
      "action_flag": 2,
      "action_time": "2014-09-22T09:41:04.577Z",
      "object_repr": "pouze",
      "object_id": "1",
      "change_message": "first_name, last_name, nickname, country und irc ge\u00e4ndert.",
      "user": 1,
      "content_type": 14
    }
  },
  {
    "pk": 51,
    "model": "admin.logentry",
    "fields": {
      "action_flag": 1,
      "action_time": "2014-09-22T09:42:04.935Z",
      "object_repr": "InventoryPhoto object",
      "object_id": "6",
      "change_message": "",
      "user": 1,
      "content_type": 12
    }
  },
  {
    "pk": 52,
    "model": "admin.logentry",
    "fields": {
      "action_flag": 1,
      "action_time": "2014-09-22T09:42:54.182Z",
      "object_repr": "InventoryPhoto object",
      "object_id": "7",
      "change_message": "",
      "user": 1,
      "content_type": 12
    }
  },
  {
    "pk": 53,
    "model": "admin.logentry",
    "fields": {
      "action_flag": 1,
      "action_time": "2014-09-22T09:43:20.548Z",
      "object_repr": "InventoryPhoto object",
      "object_id": "8",
      "change_message": "",
      "user": 1,
      "content_type": 12
    }
  },
  {
    "pk": 54,
    "model": "admin.logentry",
    "fields": {
      "action_flag": 1,
      "action_time": "2014-09-22T09:43:57.369Z",
      "object_repr": "InventoryPhoto object",
      "object_id": "9",
      "change_message": "",
      "user": 1,
      "content_type": 12
    }
  },
  {
    "pk": 55,
    "model": "admin.logentry",
    "fields": {
      "action_flag": 2,
      "action_time": "2014-09-22T09:44:08.884Z",
      "object_repr": "inventory.server.aachen.ccc.de",
      "object_id": "1",
      "change_message": "domain und name ge\u00e4ndert.",
      "user": 1,
      "content_type": 6
    }
  },
  {
    "pk": 56,
    "model": "admin.logentry",
    "fields": {
      "action_flag": 1,
      "action_time": "2014-09-22T09:44:38.939Z",
      "object_repr": "InventoryPhoto object",
      "object_id": "10",
      "change_message": "",
      "user": 1,
      "content_type": 12
    }
  },
  {
    "pk": 57,
    "model": "admin.logentry",
    "fields": {
      "action_flag": 1,
      "action_time": "2014-09-22T09:45:29.339Z",
      "object_repr": "InventoryPhoto object",
      "object_id": "11",
      "change_message": "",
      "user": 1,
      "content_type": 12
    }
  },
  {
    "pk": 58,
    "model": "admin.logentry",
    "fields": {
      "action_flag": 1,
      "action_time": "2014-09-22T09:45:52.152Z",
      "object_repr": "InventoryPhoto object",
      "object_id": "12",
      "change_message": "",
      "user": 1,
      "content_type": 12
    }
  },
  {
    "pk": 59,
    "model": "admin.logentry",
    "fields": {
      "action_flag": 1,
      "action_time": "2014-09-22T09:47:05.797Z",
      "object_repr": "InventoryPhoto object",
      "object_id": "13",
      "change_message": "",
      "user": 1,
      "content_type": 12
    }
  },
  {
    "pk": 60,
    "model": "admin.logentry",
    "fields": {
      "action_flag": 1,
      "action_time": "2014-09-22T09:47:51.842Z",
      "object_repr": "InventoryPhoto object",
      "object_id": "14",
      "change_message": "",
      "user": 1,
      "content_type": 12
    }
  },
  {
    "pk": 61,
    "model": "admin.logentry",
    "fields": {
      "action_flag": 1,
      "action_time": "2014-09-22T09:48:17.783Z",
      "object_repr": "InventoryPhoto object",
      "object_id": "15",
      "change_message": "",
      "user": 1,
      "content_type": 12
    }
  },
  {
    "pk": 62,
    "model": "admin.logentry",
    "fields": {
      "action_flag": 1,
      "action_time": "2014-09-22T09:49:37.577Z",
      "object_repr": "InventoryPhoto object",
      "object_id": "16",
      "change_message": "",
      "user": 1,
      "content_type": 12
    }
  },
  {
    "pk": 63,
    "model": "admin.logentry",
    "fields": {
      "action_flag": 1,
      "action_time": "2014-09-22T09:50:09.791Z",
      "object_repr": "InventoryPhoto object",
      "object_id": "17",
      "change_message": "",
      "user": 1,
      "content_type": 12
    }
  },
  {
    "pk": 64,
    "model": "admin.logentry",
    "fields": {
      "action_flag": 1,
      "action_time": "2014-09-22T09:50:46.372Z",
      "object_repr": "InventoryPhoto object",
      "object_id": "18",
      "change_message": "",
      "user": 1,
      "content_type": 12
    }
  },
  {
    "pk": 65,
    "model": "admin.logentry",
    "fields": {
      "action_flag": 1,
      "action_time": "2014-09-22T09:51:12.359Z",
      "object_repr": "InventoryPhoto object",
      "object_id": "19",
      "change_message": "",
      "user": 1,
      "content_type": 12
    }
  },
  {
    "pk": 66,
    "model": "admin.logentry",
    "fields": {
      "action_flag": 1,
      "action_time": "2014-09-22T09:51:52.926Z",
      "object_repr": "InventoryPhoto object",
      "object_id": "20",
      "change_message": "",
      "user": 1,
      "content_type": 12
    }
  },
  {
    "pk": 67,
    "model": "admin.logentry",
    "fields": {
      "action_flag": 1,
      "action_time": "2014-09-22T09:52:32.485Z",
      "object_repr": "InventoryPhoto object",
      "object_id": "21",
      "change_message": "",
      "user": 1,
      "content_type": 12
    }
  },
  {
    "pk": 68,
    "model": "admin.logentry",
    "fields": {
      "action_flag": 1,
      "action_time": "2014-09-22T09:54:12.024Z",
      "object_repr": "InventoryPhoto object",
      "object_id": "22",
      "change_message": "",
      "user": 1,
      "content_type": 12
    }
  },
  {
    "pk": 69,
    "model": "admin.logentry",
    "fields": {
      "action_flag": 1,
      "action_time": "2014-09-22T09:54:49.067Z",
      "object_repr": "InventoryPhoto object",
      "object_id": "23",
      "change_message": "",
      "user": 1,
      "content_type": 12
    }
  },
  {
    "pk": 70,
    "model": "admin.logentry",
    "fields": {
      "action_flag": 1,
      "action_time": "2014-09-22T10:35:04.979Z",
      "object_repr": "K\u00fcche",
      "object_id": "6",
      "change_message": "",
      "user": 1,
      "content_type": 8
    }
  },
  {
    "pk": 71,
    "model": "admin.logentry",
    "fields": {
      "action_flag": 1,
      "action_time": "2014-09-22T10:35:30.175Z",
      "object_repr": "K\u00fcchenger\u00e4te",
      "object_id": "15",
      "change_message": "",
      "user": 1,
      "content_type": 10
    }
  },
  {
    "pk": 72,
    "model": "admin.logentry",
    "fields": {
      "action_flag": 1,
      "action_time": "2014-09-22T10:35:37.859Z",
      "object_repr": "Toaster",
      "object_id": "21",
      "change_message": "",
      "user": 1,
      "content_type": 11
    }
  },
  {
    "pk": 73,
    "model": "admin.logentry",
    "fields": {
      "action_flag": 1,
      "action_time": "2014-09-22T10:36:50.308Z",
      "object_repr": "Wasserkocher",
      "object_id": "22",
      "change_message": "",
      "user": 1,
      "content_type": 11
    }
  },
  {
    "pk": 74,
    "model": "admin.logentry",
    "fields": {
      "action_flag": 1,
      "action_time": "2014-09-22T10:37:12.874Z",
      "object_repr": "InventoryPhoto object",
      "object_id": "24",
      "change_message": "",
      "user": 1,
      "content_type": 12
    }
  },
  {
    "pk": 75,
    "model": "admin.logentry",
    "fields": {
      "action_flag": 1,
      "action_time": "2014-09-22T10:37:26.332Z",
      "object_repr": "Mikrowelle",
      "object_id": "23",
      "change_message": "",
      "user": 1,
      "content_type": 11
    }
  },
  {
    "pk": 76,
    "model": "admin.logentry",
    "fields": {
      "action_flag": 1,
      "action_time": "2014-09-22T10:37:46.122Z",
      "object_repr": "InventoryPhoto object",
      "object_id": "25",
      "change_message": "",
      "user": 1,
      "content_type": 12
    }
  },
  {
    "pk": 77,
    "model": "admin.logentry",
    "fields": {
      "action_flag": 1,
      "action_time": "2014-09-22T10:38:27.015Z",
      "object_repr": "K\u00fcchenzubeh\u00f6r",
      "object_id": "16",
      "change_message": "",
      "user": 1,
      "content_type": 10
    }
  },
  {
    "pk": 78,
    "model": "admin.logentry",
    "fields": {
      "action_flag": 1,
      "action_time": "2014-09-22T10:38:28.432Z",
      "object_repr": "Aufbewahrungsmittel",
      "object_id": "17",
      "change_message": "",
      "user": 1,
      "content_type": 10
    }
  },
  {
    "pk": 79,
    "model": "admin.logentry",
    "fields": {
      "action_flag": 1,
      "action_time": "2014-09-22T10:38:51.867Z",
      "object_repr": "Kakaodose",
      "object_id": "24",
      "change_message": "",
      "user": 1,
      "content_type": 11
    }
  },
  {
    "pk": 80,
    "model": "admin.logentry",
    "fields": {
      "action_flag": 1,
      "action_time": "2014-09-22T10:39:10.433Z",
      "object_repr": "InventoryPhoto object",
      "object_id": "26",
      "change_message": "",
      "user": 1,
      "content_type": 12
    }
  },
  {
    "pk": 81,
    "model": "admin.logentry",
    "fields": {
      "action_flag": 1,
      "action_time": "2014-09-22T10:40:05.724Z",
      "object_repr": "Kochgeschirr",
      "object_id": "18",
      "change_message": "",
      "user": 1,
      "content_type": 10
    }
  },
  {
    "pk": 82,
    "model": "admin.logentry",
    "fields": {
      "action_flag": 1,
      "action_time": "2014-09-22T10:40:14.165Z",
      "object_repr": "Pfannenspritzschutz",
      "object_id": "25",
      "change_message": "",
      "user": 1,
      "content_type": 11
    }
  },
  {
    "pk": 83,
    "model": "admin.logentry",
    "fields": {
      "action_flag": 1,
      "action_time": "2014-09-22T10:40:36.667Z",
      "object_repr": "InventoryPhoto object",
      "object_id": "27",
      "change_message": "",
      "user": 1,
      "content_type": 12
    }
  },
  {
    "pk": 84,
    "model": "admin.logentry",
    "fields": {
      "action_flag": 1,
      "action_time": "2014-09-22T10:41:41.292Z",
      "object_repr": "Messer und Schnittbretter",
      "object_id": "19",
      "change_message": "",
      "user": 1,
      "content_type": 10
    }
  },
  {
    "pk": 85,
    "model": "admin.logentry",
    "fields": {
      "action_flag": 1,
      "action_time": "2014-09-22T10:41:49.059Z",
      "object_repr": "Gro\u00dfes Schneidebrett",
      "object_id": "26",
      "change_message": "",
      "user": 1,
      "content_type": 11
    }
  },
  {
    "pk": 86,
    "model": "admin.logentry",
    "fields": {
      "action_flag": 1,
      "action_time": "2014-09-22T10:42:17.706Z",
      "object_repr": "InventoryPhoto object",
      "object_id": "28",
      "change_message": "",
      "user": 1,
      "content_type": 12
    }
  },
  {
    "pk": 87,
    "model": "admin.logentry",
    "fields": {
      "action_flag": 1,
      "action_time": "2014-09-22T10:42:35.289Z",
      "object_repr": "Brot- & Tomatenmesser (S\u00e4gemesser)",
      "object_id": "27",
      "change_message": "",
      "user": 1,
      "content_type": 11
    }
  },
  {
    "pk": 88,
    "model": "admin.logentry",
    "fields": {
      "action_flag": 1,
      "action_time": "2014-09-22T10:43:03.848Z",
      "object_repr": "InventoryPhoto object",
      "object_id": "29",
      "change_message": "",
      "user": 1,
      "content_type": 12
    }
  },
  {
    "pk": 89,
    "model": "admin.logentry",
    "fields": {
      "action_flag": 1,
      "action_time": "2014-09-22T10:43:38.956Z",
      "object_repr": "Kleine Pfanne",
      "object_id": "28",
      "change_message": "",
      "user": 1,
      "content_type": 11
    }
  },
  {
    "pk": 90,
    "model": "admin.logentry",
    "fields": {
      "action_flag": 1,
      "action_time": "2014-09-22T10:44:07.656Z",
      "object_repr": "InventoryPhoto object",
      "object_id": "30",
      "change_message": "",
      "user": 1,
      "content_type": 12
    }
  },
  {
    "pk": 91,
    "model": "admin.logentry",
    "fields": {
      "action_flag": 1,
      "action_time": "2014-09-22T10:44:21.348Z",
      "object_repr": "Kleine Schneidebrettchen 2 Stck.",
      "object_id": "29",
      "change_message": "",
      "user": 1,
      "content_type": 11
    }
  },
  {
    "pk": 92,
    "model": "admin.logentry",
    "fields": {
      "action_flag": 1,
      "action_time": "2014-09-22T10:44:46.899Z",
      "object_repr": "InventoryPhoto object",
      "object_id": "31",
      "change_message": "",
      "user": 1,
      "content_type": 12
    }
  },
  {
    "pk": 93,
    "model": "admin.logentry",
    "fields": {
      "action_flag": 1,
      "action_time": "2014-09-22T10:45:06.602Z",
      "object_repr": "K\u00fcchenutensilien",
      "object_id": "20",
      "change_message": "",
      "user": 1,
      "content_type": 10
    }
  },
  {
    "pk": 94,
    "model": "admin.logentry",
    "fields": {
      "action_flag": 1,
      "action_time": "2014-09-22T10:45:11.556Z",
      "object_repr": "Eisst\u00e4bchen F\u00f6rmchen",
      "object_id": "30",
      "change_message": "",
      "user": 1,
      "content_type": 11
    }
  },
  {
    "pk": 95,
    "model": "admin.logentry",
    "fields": {
      "action_flag": 1,
      "action_time": "2014-09-22T10:45:33.088Z",
      "object_repr": "InventoryPhoto object",
      "object_id": "32",
      "change_message": "",
      "user": 1,
      "content_type": 12
    }
  },
  {
    "pk": 96,
    "model": "admin.logentry",
    "fields": {
      "action_flag": 1,
      "action_time": "2014-09-22T10:45:39.694Z",
      "object_repr": "Pfannenwender",
      "object_id": "31",
      "change_message": "",
      "user": 1,
      "content_type": 11
    }
  },
  {
    "pk": 97,
    "model": "admin.logentry",
    "fields": {
      "action_flag": 1,
      "action_time": "2014-09-22T10:46:00.539Z",
      "object_repr": "InventoryPhoto object",
      "object_id": "33",
      "change_message": "",
      "user": 1,
      "content_type": 12
    }
  },
  {
    "pk": 98,
    "model": "admin.logentry",
    "fields": {
      "action_flag": 1,
      "action_time": "2014-09-22T10:46:14.742Z",
      "object_repr": "Sch\u00f6pfkelle",
      "object_id": "32",
      "change_message": "",
      "user": 1,
      "content_type": 11
    }
  },
  {
    "pk": 99,
    "model": "admin.logentry",
    "fields": {
      "action_flag": 1,
      "action_time": "2014-09-22T10:47:00.386Z",
      "object_repr": "InventoryPhoto object",
      "object_id": "34",
      "change_message": "",
      "user": 1,
      "content_type": 12
    }
  },
  {
    "pk": 100,
    "model": "admin.logentry",
    "fields": {
      "action_flag": 1,
      "action_time": "2014-09-22T10:47:01.837Z",
      "object_repr": "Pfannenheber",
      "object_id": "33",
      "change_message": "",
      "user": 1,
      "content_type": 11
    }
  },
  {
    "pk": 101,
    "model": "admin.logentry",
    "fields": {
      "action_flag": 1,
      "action_time": "2014-09-22T10:47:49.026Z",
      "object_repr": "Sch\u00e4lmesser",
      "object_id": "34",
      "change_message": "",
      "user": 1,
      "content_type": 11
    }
  },
  {
    "pk": 102,
    "model": "admin.logentry",
    "fields": {
      "action_flag": 1,
      "action_time": "2014-09-22T10:48:19.069Z",
      "object_repr": "InventoryPhoto object",
      "object_id": "35",
      "change_message": "",
      "user": 1,
      "content_type": 12
    }
  },
  {
    "pk": 103,
    "model": "admin.logentry",
    "fields": {
      "action_flag": 1,
      "action_time": "2014-09-22T10:48:34.735Z",
      "object_repr": "Mittlerer Topf ohne Deckel",
      "object_id": "35",
      "change_message": "",
      "user": 1,
      "content_type": 11
    }
  },
  {
    "pk": 104,
    "model": "admin.logentry",
    "fields": {
      "action_flag": 1,
      "action_time": "2014-09-22T10:48:59.688Z",
      "object_repr": "InventoryPhoto object",
      "object_id": "36",
      "change_message": "",
      "user": 1,
      "content_type": 12
    }
  },
  {
    "pk": 105,
    "model": "admin.logentry",
    "fields": {
      "action_flag": 1,
      "action_time": "2014-09-22T10:49:21.907Z",
      "object_repr": "180\u00b0 Drehen",
      "object_id": "2",
      "change_message": "",
      "user": 1,
      "content_type": 19
    }
  },
  {
    "pk": 106,
    "model": "admin.logentry",
    "fields": {
      "action_flag": 1,
      "action_time": "2014-09-22T10:49:40.674Z",
      "object_repr": "InventoryPhoto object",
      "object_id": "37",
      "change_message": "",
      "user": 1,
      "content_type": 12
    }
  },
  {
    "pk": 107,
    "model": "admin.logentry",
    "fields": {
      "action_flag": 1,
      "action_time": "2014-09-22T10:49:52.593Z",
      "object_repr": "Kleiner Topf",
      "object_id": "36",
      "change_message": "",
      "user": 1,
      "content_type": 11
    }
  },
  {
    "pk": 108,
    "model": "admin.logentry",
    "fields": {
      "action_flag": 1,
      "action_time": "2014-09-22T10:50:16.236Z",
      "object_repr": "InventoryPhoto object",
      "object_id": "38",
      "change_message": "",
      "user": 1,
      "content_type": 12
    }
  },
  {
    "pk": 109,
    "model": "admin.logentry",
    "fields": {
      "action_flag": 1,
      "action_time": "2014-09-22T10:50:47.876Z",
      "object_repr": "Steakpfanne",
      "object_id": "37",
      "change_message": "",
      "user": 1,
      "content_type": 11
    }
  },
  {
    "pk": 110,
    "model": "admin.logentry",
    "fields": {
      "action_flag": 1,
      "action_time": "2014-09-22T10:51:10.767Z",
      "object_repr": "InventoryPhoto object",
      "object_id": "39",
      "change_message": "",
      "user": 1,
      "content_type": 12
    }
  },
  {
    "pk": 111,
    "model": "admin.logentry",
    "fields": {
      "action_flag": 1,
      "action_time": "2014-09-22T10:51:36.810Z",
      "object_repr": "InventoryPhoto object",
      "object_id": "40",
      "change_message": "",
      "user": 1,
      "content_type": 12
    }
  },
  {
    "pk": 112,
    "model": "admin.logentry",
    "fields": {
      "action_flag": 2,
      "action_time": "2014-09-22T11:07:26.276Z",
      "object_repr": "Sch\u00f6pfkelle",
      "object_id": "32",
      "change_message": "location ge\u00e4ndert.",
      "user": 1,
      "content_type": 11
    }
  },
  {
    "pk": 113,
    "model": "admin.logentry",
    "fields": {
      "action_flag": 2,
      "action_time": "2014-09-22T11:07:44.640Z",
      "object_repr": "Kleine Schneidebrettchen 2 Stck.",
      "object_id": "29",
      "change_message": "location ge\u00e4ndert.",
      "user": 1,
      "content_type": 11
    }
  },
  {
    "pk": 114,
    "model": "admin.logentry",
    "fields": {
      "action_flag": 1,
      "action_time": "2014-09-22T20:54:20.513Z",
      "object_repr": "spq",
      "object_id": "3",
      "change_message": "",
      "user": 1,
      "content_type": 14
    }
  },
  {
    "pk": 115,
    "model": "admin.logentry",
    "fields": {
      "action_flag": 2,
      "action_time": "2014-09-22T20:54:59.225Z",
      "object_repr": "spq",
      "object_id": "3",
      "change_message": "nickname, is_staff und is_superuser ge\u00e4ndert.",
      "user": 1,
      "content_type": 14
    }
  },
  {
    "pk": 116,
    "model": "admin.logentry",
    "fields": {
      "action_flag": 2,
      "action_time": "2014-09-22T20:56:41.739Z",
      "object_repr": "Olimex STM32-P103",
      "object_id": "9",
      "change_message": "inventory equiptment \"InventoryEquiptment object\" hinzugef\u00fcgt.",
      "user": 1,
      "content_type": 11
    }
  },
  {
    "pk": 117,
    "model": "admin.logentry",
    "fields": {
      "action_flag": 2,
      "action_time": "2014-09-22T20:57:51.454Z",
      "object_repr": "ATMega 8 Devboard",
      "object_id": "10",
      "change_message": "inventory equiptment \"InventoryEquiptment object\" hinzugef\u00fcgt.",
      "user": 1,
      "content_type": 11
    }
  },
  {
    "pk": 118,
    "model": "admin.logentry",
    "fields": {
      "action_flag": 2,
      "action_time": "2014-09-22T21:19:27.025Z",
      "object_repr": "Olimex STM32-P103",
      "object_id": "9",
      "change_message": "description ge\u00e4ndert.",
      "user": 1,
      "content_type": 11
    }
  },
  {
    "pk": 119,
    "model": "admin.logentry",
    "fields": {
      "action_flag": 2,
      "action_time": "2014-09-22T21:20:44.411Z",
      "object_repr": "Olimex STM32-P103",
      "object_id": "9",
      "change_message": "description ge\u00e4ndert.",
      "user": 1,
      "content_type": 11
    }
  },
  {
    "pk": 120,
    "model": "admin.logentry",
    "fields": {
      "action_flag": 1,
      "action_time": "2014-09-23T18:21:37.799Z",
      "object_repr": "mx",
      "object_id": "4",
      "change_message": "",
      "user": 1,
      "content_type": 14
    }
  },
  {
    "pk": 121,
    "model": "admin.logentry",
    "fields": {
      "action_flag": 1,
      "action_time": "2014-09-23T18:23:43.802Z",
      "object_repr": "normal_user",
      "object_id": "1",
      "change_message": "",
      "user": 1,
      "content_type": 3
    }
  },
  {
    "pk": 122,
    "model": "admin.logentry",
    "fields": {
      "action_flag": 2,
      "action_time": "2014-09-23T18:23:49.432Z",
      "object_repr": "mx",
      "object_id": "4",
      "change_message": "nickname, is_staff und groups ge\u00e4ndert.",
      "user": 1,
      "content_type": 14
    }
  },
  {
    "pk": 123,
    "model": "admin.logentry",
    "fields": {
      "action_flag": 1,
      "action_time": "2014-09-23T19:17:12.638Z",
      "object_repr": "dkl",
      "object_id": "5",
      "change_message": "",
      "user": 1,
      "content_type": 14
    }
  },
  {
    "pk": 124,
    "model": "admin.logentry",
    "fields": {
      "action_flag": 2,
      "action_time": "2014-09-23T19:17:30.974Z",
      "object_repr": "dkl",
      "object_id": "5",
      "change_message": "nickname, is_staff und groups ge\u00e4ndert.",
      "user": 1,
      "content_type": 14
    }
  },
  {
    "pk": 125,
    "model": "admin.logentry",
    "fields": {
      "action_flag": 2,
      "action_time": "2014-09-23T19:23:32.533Z",
      "object_repr": "normal_user",
      "object_id": "1",
      "change_message": "permissions ge\u00e4ndert.",
      "user": 1,
      "content_type": 3
    }
  },
  {
    "pk": 126,
    "model": "admin.logentry",
    "fields": {
      "action_flag": 2,
      "action_time": "2014-10-05T02:16:40.249Z",
      "object_repr": "display",
      "object_id": "3",
      "change_message": "width ge\u00e4ndert.",
      "user": 1,
      "content_type": 21
    }
  },
  {
    "pk": 127,
    "model": "admin.logentry",
    "fields": {
      "action_flag": 1,
      "action_time": "2014-10-05T02:18:14.596Z",
      "object_repr": "InventoryPhoto object",
      "object_id": "41",
      "change_message": "",
      "user": 1,
      "content_type": 12
    }
  },
  {
    "pk": 128,
    "model": "admin.logentry",
    "fields": {
      "action_flag": 3,
      "action_time": "2014-10-05T02:21:50.006Z",
      "object_repr": "InventoryPhoto object",
      "object_id": "41",
      "change_message": "",
      "user": 1,
      "content_type": 12
    }
  },
  {
    "pk": 129,
    "model": "admin.logentry",
    "fields": {
      "action_flag": 3,
      "action_time": "2014-10-05T02:21:50.164Z",
      "object_repr": "InventoryPhoto object",
      "object_id": "40",
      "change_message": "",
      "user": 1,
      "content_type": 12
    }
  },
  {
    "pk": 130,
    "model": "admin.logentry",
    "fields": {
      "action_flag": 3,
      "action_time": "2014-10-05T02:21:50.329Z",
      "object_repr": "InventoryPhoto object",
      "object_id": "39",
      "change_message": "",
      "user": 1,
      "content_type": 12
    }
  },
  {
    "pk": 131,
    "model": "admin.logentry",
    "fields": {
      "action_flag": 3,
      "action_time": "2014-10-05T02:21:50.486Z",
      "object_repr": "InventoryPhoto object",
      "object_id": "38",
      "change_message": "",
      "user": 1,
      "content_type": 12
    }
  },
  {
    "pk": 132,
    "model": "admin.logentry",
    "fields": {
      "action_flag": 3,
      "action_time": "2014-10-05T02:21:50.643Z",
      "object_repr": "InventoryPhoto object",
      "object_id": "37",
      "change_message": "",
      "user": 1,
      "content_type": 12
    }
  },
  {
    "pk": 133,
    "model": "admin.logentry",
    "fields": {
      "action_flag": 3,
      "action_time": "2014-10-05T02:21:50.800Z",
      "object_repr": "InventoryPhoto object",
      "object_id": "36",
      "change_message": "",
      "user": 1,
      "content_type": 12
    }
  },
  {
    "pk": 134,
    "model": "admin.logentry",
    "fields": {
      "action_flag": 3,
      "action_time": "2014-10-05T02:21:50.965Z",
      "object_repr": "InventoryPhoto object",
      "object_id": "35",
      "change_message": "",
      "user": 1,
      "content_type": 12
    }
  },
  {
    "pk": 135,
    "model": "admin.logentry",
    "fields": {
      "action_flag": 3,
      "action_time": "2014-10-05T02:21:51.157Z",
      "object_repr": "InventoryPhoto object",
      "object_id": "34",
      "change_message": "",
      "user": 1,
      "content_type": 12
    }
  },
  {
    "pk": 136,
    "model": "admin.logentry",
    "fields": {
      "action_flag": 3,
      "action_time": "2014-10-05T02:21:51.338Z",
      "object_repr": "InventoryPhoto object",
      "object_id": "33",
      "change_message": "",
      "user": 1,
      "content_type": 12
    }
  },
  {
    "pk": 137,
    "model": "admin.logentry",
    "fields": {
      "action_flag": 3,
      "action_time": "2014-10-05T02:21:51.529Z",
      "object_repr": "InventoryPhoto object",
      "object_id": "32",
      "change_message": "",
      "user": 1,
      "content_type": 12
    }
  },
  {
    "pk": 138,
    "model": "admin.logentry",
    "fields": {
      "action_flag": 3,
      "action_time": "2014-10-05T02:21:51.687Z",
      "object_repr": "InventoryPhoto object",
      "object_id": "31",
      "change_message": "",
      "user": 1,
      "content_type": 12
    }
  },
  {
    "pk": 139,
    "model": "admin.logentry",
    "fields": {
      "action_flag": 3,
      "action_time": "2014-10-05T02:21:51.855Z",
      "object_repr": "InventoryPhoto object",
      "object_id": "30",
      "change_message": "",
      "user": 1,
      "content_type": 12
    }
  },
  {
    "pk": 140,
    "model": "admin.logentry",
    "fields": {
      "action_flag": 3,
      "action_time": "2014-10-05T02:21:51.997Z",
      "object_repr": "InventoryPhoto object",
      "object_id": "29",
      "change_message": "",
      "user": 1,
      "content_type": 12
    }
  },
  {
    "pk": 141,
    "model": "admin.logentry",
    "fields": {
      "action_flag": 3,
      "action_time": "2014-10-05T02:21:52.140Z",
      "object_repr": "InventoryPhoto object",
      "object_id": "28",
      "change_message": "",
      "user": 1,
      "content_type": 12
    }
  },
  {
    "pk": 142,
    "model": "admin.logentry",
    "fields": {
      "action_flag": 3,
      "action_time": "2014-10-05T02:21:52.286Z",
      "object_repr": "InventoryPhoto object",
      "object_id": "27",
      "change_message": "",
      "user": 1,
      "content_type": 12
    }
  },
  {
    "pk": 143,
    "model": "admin.logentry",
    "fields": {
      "action_flag": 3,
      "action_time": "2014-10-05T02:21:52.430Z",
      "object_repr": "InventoryPhoto object",
      "object_id": "26",
      "change_message": "",
      "user": 1,
      "content_type": 12
    }
  },
  {
    "pk": 144,
    "model": "admin.logentry",
    "fields": {
      "action_flag": 3,
      "action_time": "2014-10-05T02:21:52.587Z",
      "object_repr": "InventoryPhoto object",
      "object_id": "25",
      "change_message": "",
      "user": 1,
      "content_type": 12
    }
  },
  {
    "pk": 145,
    "model": "admin.logentry",
    "fields": {
      "action_flag": 3,
      "action_time": "2014-10-05T02:21:52.730Z",
      "object_repr": "InventoryPhoto object",
      "object_id": "24",
      "change_message": "",
      "user": 1,
      "content_type": 12
    }
  },
  {
    "pk": 146,
    "model": "admin.logentry",
    "fields": {
      "action_flag": 3,
      "action_time": "2014-10-05T02:21:52.887Z",
      "object_repr": "InventoryPhoto object",
      "object_id": "23",
      "change_message": "",
      "user": 1,
      "content_type": 12
    }
  },
  {
    "pk": 147,
    "model": "admin.logentry",
    "fields": {
      "action_flag": 3,
      "action_time": "2014-10-05T02:21:53.101Z",
      "object_repr": "InventoryPhoto object",
      "object_id": "22",
      "change_message": "",
      "user": 1,
      "content_type": 12
    }
  },
  {
    "pk": 148,
    "model": "admin.logentry",
    "fields": {
      "action_flag": 3,
      "action_time": "2014-10-05T02:21:53.258Z",
      "object_repr": "InventoryPhoto object",
      "object_id": "21",
      "change_message": "",
      "user": 1,
      "content_type": 12
    }
  },
  {
    "pk": 149,
    "model": "admin.logentry",
    "fields": {
      "action_flag": 3,
      "action_time": "2014-10-05T02:21:53.402Z",
      "object_repr": "InventoryPhoto object",
      "object_id": "20",
      "change_message": "",
      "user": 1,
      "content_type": 12
    }
  },
  {
    "pk": 150,
    "model": "admin.logentry",
    "fields": {
      "action_flag": 3,
      "action_time": "2014-10-05T02:21:53.545Z",
      "object_repr": "InventoryPhoto object",
      "object_id": "19",
      "change_message": "",
      "user": 1,
      "content_type": 12
    }
  },
  {
    "pk": 151,
    "model": "admin.logentry",
    "fields": {
      "action_flag": 3,
      "action_time": "2014-10-05T02:21:53.699Z",
      "object_repr": "InventoryPhoto object",
      "object_id": "18",
      "change_message": "",
      "user": 1,
      "content_type": 12
    }
  },
  {
    "pk": 152,
    "model": "admin.logentry",
    "fields": {
      "action_flag": 3,
      "action_time": "2014-10-05T02:21:53.857Z",
      "object_repr": "InventoryPhoto object",
      "object_id": "17",
      "change_message": "",
      "user": 1,
      "content_type": 12
    }
  },
  {
    "pk": 153,
    "model": "admin.logentry",
    "fields": {
      "action_flag": 3,
      "action_time": "2014-10-05T02:21:53.991Z",
      "object_repr": "InventoryPhoto object",
      "object_id": "16",
      "change_message": "",
      "user": 1,
      "content_type": 12
    }
  },
  {
    "pk": 154,
    "model": "admin.logentry",
    "fields": {
      "action_flag": 3,
      "action_time": "2014-10-05T02:21:54.133Z",
      "object_repr": "InventoryPhoto object",
      "object_id": "15",
      "change_message": "",
      "user": 1,
      "content_type": 12
    }
  },
  {
    "pk": 155,
    "model": "admin.logentry",
    "fields": {
      "action_flag": 3,
      "action_time": "2014-10-05T02:21:54.278Z",
      "object_repr": "InventoryPhoto object",
      "object_id": "14",
      "change_message": "",
      "user": 1,
      "content_type": 12
    }
  },
  {
    "pk": 156,
    "model": "admin.logentry",
    "fields": {
      "action_flag": 3,
      "action_time": "2014-10-05T02:21:54.436Z",
      "object_repr": "InventoryPhoto object",
      "object_id": "13",
      "change_message": "",
      "user": 1,
      "content_type": 12
    }
  },
  {
    "pk": 157,
    "model": "admin.logentry",
    "fields": {
      "action_flag": 3,
      "action_time": "2014-10-05T02:21:54.583Z",
      "object_repr": "InventoryPhoto object",
      "object_id": "12",
      "change_message": "",
      "user": 1,
      "content_type": 12
    }
  },
  {
    "pk": 158,
    "model": "admin.logentry",
    "fields": {
      "action_flag": 3,
      "action_time": "2014-10-05T02:21:54.729Z",
      "object_repr": "InventoryPhoto object",
      "object_id": "11",
      "change_message": "",
      "user": 1,
      "content_type": 12
    }
  },
  {
    "pk": 159,
    "model": "admin.logentry",
    "fields": {
      "action_flag": 3,
      "action_time": "2014-10-05T02:21:54.884Z",
      "object_repr": "InventoryPhoto object",
      "object_id": "10",
      "change_message": "",
      "user": 1,
      "content_type": 12
    }
  },
  {
    "pk": 160,
    "model": "admin.logentry",
    "fields": {
      "action_flag": 3,
      "action_time": "2014-10-05T02:21:55.045Z",
      "object_repr": "InventoryPhoto object",
      "object_id": "9",
      "change_message": "",
      "user": 1,
      "content_type": 12
    }
  },
  {
    "pk": 161,
    "model": "admin.logentry",
    "fields": {
      "action_flag": 3,
      "action_time": "2014-10-05T02:21:55.201Z",
      "object_repr": "InventoryPhoto object",
      "object_id": "8",
      "change_message": "",
      "user": 1,
      "content_type": 12
    }
  },
  {
    "pk": 162,
    "model": "admin.logentry",
    "fields": {
      "action_flag": 3,
      "action_time": "2014-10-05T02:21:55.346Z",
      "object_repr": "InventoryPhoto object",
      "object_id": "7",
      "change_message": "",
      "user": 1,
      "content_type": 12
    }
  },
  {
    "pk": 163,
    "model": "admin.logentry",
    "fields": {
      "action_flag": 3,
      "action_time": "2014-10-05T02:21:55.489Z",
      "object_repr": "InventoryPhoto object",
      "object_id": "6",
      "change_message": "",
      "user": 1,
      "content_type": 12
    }
  },
  {
    "pk": 164,
    "model": "admin.logentry",
    "fields": {
      "action_flag": 3,
      "action_time": "2014-10-05T02:21:55.650Z",
      "object_repr": "InventoryPhoto object",
      "object_id": "5",
      "change_message": "",
      "user": 1,
      "content_type": 12
    }
  },
  {
    "pk": 165,
    "model": "admin.logentry",
    "fields": {
      "action_flag": 3,
      "action_time": "2014-10-05T02:21:55.803Z",
      "object_repr": "InventoryPhoto object",
      "object_id": "4",
      "change_message": "",
      "user": 1,
      "content_type": 12
    }
  },
  {
    "pk": 166,
    "model": "admin.logentry",
    "fields": {
      "action_flag": 3,
      "action_time": "2014-10-05T02:21:55.946Z",
      "object_repr": "InventoryPhoto object",
      "object_id": "3",
      "change_message": "",
      "user": 1,
      "content_type": 12
    }
  },
  {
    "pk": 167,
    "model": "admin.logentry",
    "fields": {
      "action_flag": 3,
      "action_time": "2014-10-05T02:21:56.090Z",
      "object_repr": "InventoryPhoto object",
      "object_id": "2",
      "change_message": "",
      "user": 1,
      "content_type": 12
    }
  },
  {
    "pk": 168,
    "model": "admin.logentry",
    "fields": {
      "action_flag": 3,
      "action_time": "2014-10-05T02:21:56.244Z",
      "object_repr": "InventoryPhoto object",
      "object_id": "1",
      "change_message": "",
      "user": 1,
      "content_type": 12
    }
  },
  {
    "pk": 169,
    "model": "admin.logentry",
    "fields": {
      "action_flag": 1,
      "action_time": "2014-10-05T02:22:08.675Z",
      "object_repr": "InventoryPhoto object",
      "object_id": "1",
      "change_message": "",
      "user": 1,
      "content_type": 12
    }
  },
  {
    "pk": 170,
    "model": "admin.logentry",
    "fields": {
      "action_flag": 1,
      "action_time": "2014-10-05T02:22:21.953Z",
      "object_repr": "InventoryPhoto object",
      "object_id": "2",
      "change_message": "",
      "user": 1,
      "content_type": 12
    }
  },
  {
    "pk": 171,
    "model": "admin.logentry",
    "fields": {
      "action_flag": 2,
      "action_time": "2014-10-05T02:23:09.300Z",
      "object_repr": "display",
      "object_id": "3",
      "change_message": "width ge\u00e4ndert.",
      "user": 1,
      "content_type": 21
    }
  },
  {
    "pk": 172,
    "model": "admin.logentry",
    "fields": {
      "action_flag": 2,
      "action_time": "2014-10-05T06:14:24.936Z",
      "object_repr": "Messleitung 50cm m. Krokodilklemmen 13 Stck.",
      "object_id": "2",
      "change_message": "usage_terms ge\u00e4ndert.",
      "user": 1,
      "content_type": 11
    }
  },
  {
    "pk": 173,
    "model": "admin.logentry",
    "fields": {
      "action_flag": 2,
      "action_time": "2014-10-05T07:13:08.428Z",
      "object_repr": "Messleitung 50cm m. Krokodilklemmen 13 Stck.",
      "object_id": "2",
      "change_message": "inventory ownership responsibility \"InventoryOwnershipResponsibility object\" hinzugef\u00fcgt.",
      "user": 1,
      "content_type": 11
    }
  },
  {
    "pk": 174,
    "model": "admin.logentry",
    "fields": {
      "action_flag": 2,
      "action_time": "2014-10-05T07:17:41.463Z",
      "object_repr": "thumbnail",
      "object_id": "2",
      "change_message": "width und height ge\u00e4ndert.",
      "user": 1,
      "content_type": 21
    }
  },
  {
    "pk": 175,
    "model": "admin.logentry",
    "fields": {
      "action_flag": 1,
      "action_time": "2014-10-05T07:18:04.267Z",
      "object_repr": "InventoryPhoto object",
      "object_id": "3",
      "change_message": "",
      "user": 1,
      "content_type": 12
    }
  },
  {
    "pk": 176,
    "model": "admin.logentry",
    "fields": {
      "action_flag": 2,
      "action_time": "2014-10-05T07:22:09.345Z",
      "object_repr": "Messleitung 50cm m. Krokodilklemmen 13 Stck.",
      "object_id": "2",
      "change_message": "inventory equiptment \"InventoryEquiptment object\" hinzugef\u00fcgt. inventory equiptment \"InventoryEquiptment object\" hinzugef\u00fcgt.",
      "user": 1,
      "content_type": 11
    }
  },
  {
    "pk": 177,
    "model": "admin.logentry",
    "fields": {
      "action_flag": 2,
      "action_time": "2014-10-05T07:33:19.025Z",
      "object_repr": "Messleitung 50cm m. Krokodilklemmen 13 Stck.",
      "object_id": "2",
      "change_message": "available_from und available_to ge\u00e4ndert.",
      "user": 1,
      "content_type": 11
    }
  },
  {
    "pk": 178,
    "model": "admin.logentry",
    "fields": {
      "action_flag": 2,
      "action_time": "2014-10-05T07:33:35.488Z",
      "object_repr": "Messleitung 50cm m. Krokodilklemmen 13 Stck.",
      "object_id": "2",
      "change_message": "availability ge\u00e4ndert.",
      "user": 1,
      "content_type": 11
    }
  },
  {
    "pk": 179,
    "model": "admin.logentry",
    "fields": {
      "action_flag": 1,
      "action_time": "2014-10-05T08:21:14.278Z",
      "object_repr": "LocationPhoto object",
      "object_id": "1",
      "change_message": "",
      "user": 1,
      "content_type": 9
    }
  },
  {
    "pk": 180,
    "model": "admin.logentry",
    "fields": {
      "action_flag": 2,
      "action_time": "2014-10-05T08:21:26.996Z",
      "object_repr": "Elektronikkiste",
      "object_id": "2",
      "change_message": "parent ge\u00e4ndert.",
      "user": 1,
      "content_type": 8
    }
  },
  {
    "pk": 181,
    "model": "admin.logentry",
    "fields": {
      "action_flag": 1,
      "action_time": "2014-10-05T08:21:54.264Z",
      "object_repr": "LocationPhoto object",
      "object_id": "2",
      "change_message": "",
      "user": 1,
      "content_type": 9
    }
  },
  {
    "pk": 182,
    "model": "admin.logentry",
    "fields": {
      "action_flag": 2,
      "action_time": "2014-10-06T01:13:21.685Z",
      "object_repr": "elkadog",
      "object_id": "5",
      "change_message": "username ge\u00e4ndert.",
      "user": 1,
      "content_type": 14
    }
  },
  {
    "pk": 183,
    "model": "admin.logentry",
    "fields": {
      "action_flag": 2,
      "action_time": "2014-10-06T01:13:31.854Z",
      "object_repr": "elkadog",
      "object_id": "5",
      "change_message": "password ge\u00e4ndert.",
      "user": 1,
      "content_type": 14
    }
  },
  {
    "pk": 184,
    "model": "admin.logentry",
    "fields": {
      "action_flag": 2,
      "action_time": "2014-10-06T01:13:48.989Z",
      "object_repr": "ehnix",
      "object_id": "4",
      "change_message": "username ge\u00e4ndert.",
      "user": 1,
      "content_type": 14
    }
  },
  {
    "pk": 185,
    "model": "admin.logentry",
    "fields": {
      "action_flag": 2,
      "action_time": "2014-10-06T01:13:55.696Z",
      "object_repr": "ehnix",
      "object_id": "4",
      "change_message": "password ge\u00e4ndert.",
      "user": 1,
      "content_type": 14
    }
  },
  {
    "pk": 186,
    "model": "admin.logentry",
    "fields": {
      "action_flag": 2,
      "action_time": "2014-10-06T01:14:09.694Z",
      "object_repr": "espehkuh",
      "object_id": "3",
      "change_message": "username ge\u00e4ndert.",
      "user": 1,
      "content_type": 14
    }
  },
  {
    "pk": 187,
    "model": "admin.logentry",
    "fields": {
      "action_flag": 2,
      "action_time": "2014-10-06T01:14:16.822Z",
      "object_repr": "espehkuh",
      "object_id": "3",
      "change_message": "password ge\u00e4ndert.",
      "user": 1,
      "content_type": 14
    }
  },
  {
    "pk": 188,
    "model": "admin.logentry",
    "fields": {
      "action_flag": 2,
      "action_time": "2014-10-06T01:14:30.604Z",
      "object_repr": "CCCAC",
      "object_id": "2",
      "change_message": "password ge\u00e4ndert.",
      "user": 1,
      "content_type": 14
    }
  },
  {
    "pk": 189,
    "model": "admin.logentry",
    "fields": {
      "action_flag": 2,
      "action_time": "2014-10-06T01:15:18.544Z",
      "object_repr": "pouze",
      "object_id": "1",
      "change_message": "first_name, last_name und email ge\u00e4ndert.",
      "user": 1,
      "content_type": 14
    }
  },
  {
    "pk": 190,
    "model": "admin.logentry",
    "fields": {
      "action_flag": 2,
      "action_time": "2014-10-06T01:15:27.445Z",
      "object_repr": "pouze",
      "object_id": "1",
      "change_message": "password ge\u00e4ndert.",
      "user": 1,
      "content_type": 14
    }
  },
  {
    "pk": 191,
    "model": "admin.logentry",
    "fields": {
      "action_flag": 2,
      "action_time": "2014-10-06T01:15:47.361Z",
      "object_repr": "elkadog",
      "object_id": "5",
      "change_message": "nickname ge\u00e4ndert.",
      "user": 1,
      "content_type": 14
    }
  },
  {
    "pk": 192,
    "model": "admin.logentry",
    "fields": {
      "action_flag": 2,
      "action_time": "2014-10-06T01:15:54.580Z",
      "object_repr": "espehkuh",
      "object_id": "3",
      "change_message": "nickname ge\u00e4ndert.",
      "user": 1,
      "content_type": 14
    }
  },
  {
    "pk": 193,
    "model": "admin.logentry",
    "fields": {
      "action_flag": 2,
      "action_time": "2014-10-06T01:16:01.314Z",
      "object_repr": "ehnix",
      "object_id": "4",
      "change_message": "nickname ge\u00e4ndert.",
      "user": 1,
      "content_type": 14
    }
  }
]